{"type":"FeatureCollection","features":[{"type":"Feature","properties":{"osm_way_id":1019645828,"lines":["DART","Northern"]},"geometry":{"type":"LineString","coordinates":[[-6.16901,53.38349],[-6.16731,53.38414]]}},{"type":"Feature","properties":{"osm_way_id":1019694591,"lines":["Northern"]},"geometry":{"type":"LineString","coordinates":[[-6.1503,53.39796],[-6.14969,53.40003]]}},{"type":"Feature","properties":{"osm_way_id":10423716,"lines":["DART"]},"geometry":{"type":"LineString","coordinates":[[-6.09548,53.19699],[-6.09562,53.1971]]}},{"type":"Feature","properties":{"osm_way_id":10423726,"lines":["DART"]},"geometry":{"type":"LineString","coordinates":[[-6.10237,53.20701],[-6.10243,53.2071]]}},{"type":"Feature","properties":{"osm_way_id":10423727,"lines":["DART"]},"geometry":{"type":"LineString","coordinates":[[-6.10243,53.2071],[-6.10312,53.20842]]}},{"type":"Feature","properties":{"osm_way_id":10423728,"lines":["DART"]},"geometry":{"type":"LineString","coordinates":[[-6.10312,53.20842],[-6.1033,53.20888]]}},{"type":"Feature","properties":{"osm_way_id":10423729,"lines":["DART"]},"geometry":{"type":"LineString","coordinates":[[-6.1033,53.20888],[-6.10366,53.20978]]}},{"type":"Feature","properties":{"osm_way_id":10497826,"lines":["DART"]},"geometry":{"type":"LineString","coordinates":[[-6.23896,53.34021],[-6.23672,53.33917]]}},{"type":"Feature","properties":{"osm_way_id":10497827,"lines":["DART"]},"geometry":{"type":"LineString","coordinates":[[-6.23672,53.33917],[-6.23659,53.3391]]}},{"type":"Feature","properties":{"osm_way_id":10497829,"lines":["DART"]},"geometry":{"type":"LineString","coordinates":[[-6.23659,53.3391],[-6.23442,53.33794]]}},{"type":"Feature","properties":{"osm_way_id":105476867,"lines":["DART"]},"geometry":{"type":"LineString","coordinates":[[-6.13445,53.2948],[-6.13465,53.29489]]}},{"type":"Feature","properties":{"osm_way_id":105476873,"lines":["DART"]},"geometry":{"type":"LineString","coordinates":[[-6.13402,53.29459],[-6.13445,53.2948]]}},{"type":"Feature","properties":{"osm_way_id":10952332,"lines":["DART"]},"geometry":{"type":"LineString","coordinates":[[-6.22793,53.33316],[-6.228,53.33322]]}},{"type":"Feature","properties":{"osm_way_id":10952333,"lines":["DART"]},"geometry":{"type":"LineString","coordinates":[[-6.17805,53.3026],[-6.18982,53.3073],[-6.19316,53.30884],[-6.19611,53.31053],[-6.20493,53.31635]]}},{"type":"Feature","properties":{"osm_way_id":1147865185,"lines":["DART"]},"geometry":{"type":"LineString","coordinates":[[-6.20742,53.37199],[-6.20775,53.37189]]}},{"type":"Feature","properties":{"osm_way_id":1147997039,"lines":["Northern"]},"geometry":{"type":"LineString","coordinates":[[-6.21191,53.63256],[-6.2131,53.6335]]}},{"type":"Feature","properties":{"osm_way_id":1147997040,"lines":["Northern"]},"geometry":{"type":"LineString","coordinates":[[-6.21174,53.63244],[-6.21191,53.63256]]}},{"type":"Feature","properties":{"osm_way_id":1148150871,"lines":["Kildare"]},"geometry":{"type":"LineString","coordinates":[[-6.32776,53.34107],[-6.32719,53.34118]]}},{"type":"Feature","properties":{"osm_way_id":1151644123,"lines":["Kildare"]},"geometry":{"type":"LineString","coordinates":[[-6.28017,53.36897],[-6.27913,53.36848],[-6.27786,53.36732]]}},{"type":"Feature","properties":{"osm_way_id":1192185102,"lines":["Kildare"]},"geometry":{"type":"LineString","coordinates":[[-6.63506,53.2632],[-6.62818,53.26773]]}},{"type":"Feature","properties":{"osm_way_id":1192185103,"lines":["Kildare"]},"geometry":{"type":"LineString","coordinates":[[-6.61088,53.27912],[-6.5958,53.28903]]}},{"type":"Feature","properties":{"osm_way_id":119335784,"lines":["Kildare"]},"geometry":{"type":"LineString","coordinates":[[-6.61127,53.27886],[-6.61088,53.27912]]}},{"type":"Feature","properties":{"osm_way_id":119335785,"lines":["Kildare"]},"geometry":{"type":"LineString","coordinates":[[-6.62805,53.26782],[-6.61127,53.27886]]}},{"type":"Feature","properties":{"osm_way_id":1203509982,"lines":["Maynooth"]},"geometry":{"type":"LineString","coordinates":[[-6.59172,53.37766],[-6.58655,53.37882]]}},{"type":"Feature","properties":{"osm_way_id":1203509984,"lines":["Maynooth"]},"geometry":{"type":"LineString","coordinates":[[-6.58655,53.37882],[-6.58327,53.37934]]}},{"type":"Feature","properties":{"osm_way_id":1203536054,"lines":["Maynooth"]},"geometry":{"type":"LineString","coordinates":[[-6.38146,53.37989],[-6.37915,53.38042]]}},{"type":"Feature","properties":{"osm_way_id":1203536057,"lines":["Maynooth"]},"geometry":{"type":"LineString","coordinates":[[-6.39778,53.37781],[-6.39491,53.37754]]}},{"type":"Feature","properties":{"osm_way_id":1203549891,"lines":["Maynooth"]},"geometry":{"type":"LineString","coordinates":[[-6.43984,53.38367],[-6.43821,53.38417]]}},{"type":"Feature","properties":{"osm_way_id":1203549895,"lines":["Maynooth"]},"geometry":{"type":"LineString","coordinates":[[-6.45352,53.37324],[-6.44452,53.38091],[-6.442,53.38267],[-6.43984,53.38367]]}},{"type":"Feature","properties":{"osm_way_id":1203586353,"lines":["Maynooth"]},"geometry":{"type":"LineString","coordinates":[[-6.49723,53.3755],[-6.49536,53.3753]]}},{"type":"Feature","properties":{"osm_way_id":1203698923,"lines":["Maynooth"]},"geometry":{"type":"LineString","coordinates":[[-6.55139,53.37734],[-6.54175,53.37619],[-6.53043,53.37406]]}},{"type":"Feature","properties":{"osm_way_id":1203960811,"lines":["Maynooth"]},"geometry":{"type":"LineString","coordinates":[[-6.48527,53.37416],[-6.48144,53.37385]]}},{"type":"Feature","properties":{"osm_way_id":1203960812,"lines":["Maynooth"]},"geometry":{"type":"LineString","coordinates":[[-6.46448,53.37135],[-6.46138,53.37088],[-6.4581,53.3711],[-6.45543,53.37189],[-6.45352,53.37324]]}},{"type":"Feature","properties":{"osm_way_id":1203962644,"lines":["Maynooth"]},"geometry":{"type":"LineString","coordinates":[[-6.4207,53.3823],[-6.41982,53.38206]]}},{"type":"Feature","properties":{"osm_way_id":1203975432,"lines":["Maynooth"]},"geometry":{"type":"LineString","coordinates":[[-6.30083,53.37304],[-6.30012,53.3729]]}},{"type":"Feature","properties":{"osm_way_id":1203975433,"lines":["Kildare","Maynooth"]},"geometry":{"type":"LineString","coordinates":[[-6.24878,53.36155],[-6.24812,53.36149]]}},{"type":"Feature","properties":{"osm_way_id":1203975434,"lines":["DART","Kildare","Maynooth"]},"geometry":{"type":"LineString","coordinates":[[-6.24288,53.35502],[-6.24309,53.35491]]}},{"type":"Feature","properties":{"osm_way_id":1203975435,"lines":["DART","Northern"]},"geometry":{"type":"LineString","coordinates":[[-6.2431,53.35496],[-6.24292,53.35505]]}},{"type":"Feature","properties":{"osm_way_id":1203975440,"lines":["DART","Northern"]},"geometry":{"type":"LineString","coordinates":[[-6.24551,53.3537],[-6.24527,53.3538]]}},{"type":"Feature","properties":{"osm_way_id":1203975456,"lines":["DART","Kildare","Maynooth"]},"geometry":{"type":"LineString","coordinates":[[-6.24547,53.35364],[-6.24575,53.35353]]}},{"type":"Feature","properties":{"osm_way_id":1203975465,"lines":["DART","Northern"]},"geometry":{"type":"LineString","coordinates":[[-6.24575,53.3536],[-6.24551,53.3537]]}},{"type":"Feature","properties":{"osm_way_id":1204392036,"lines":["Northern"]},"geometry":{"type":"LineString","coordinates":[[-6.32422,53.71106],[-6.32704,53.7114]]}},{"type":"Feature","properties":{"osm_way_id":1204392038,"lines":["DART","Kildare","Maynooth"]},"geometry":{"type":"LineString","coordinates":[[-6.25002,53.35194],[-6.25036,53.35177]]}},{"type":"Feature","properties":{"osm_way_id":1204392041,"lines":["DART","Northern"]},"geometry":{"type":"LineString","coordinates":[[-6.24583,53.35357],[-6.24575,53.3536]]}},{"type":"Feature","properties":{"osm_way_id":1204392043,"lines":["Northern"]},"geometry":{"type":"LineString","coordinates":[[-6.32704,53.7114],[-6.32982,53.71156]]}},{"type":"Feature","properties":{"osm_way_id":1210145506,"lines":["DART","Northern"]},"geometry":{"type":"LineString","coordinates":[[-6.25111,53.35142],[-6.25091,53.35152]]}},{"type":"Feature","properties":{"osm_way_id":124337445,"lines":["Kildare"]},"geometry":{"type":"LineString","coordinates":[[-6.34938,53.33678],[-6.35365,53.336],[-6.35798,53.33557]]}},{"type":"Feature","properties":{"osm_way_id":1255425530,"lines":["Kildare"]},"geometry":{"type":"LineString","coordinates":[[-6.80493,53.18761],[-6.80508,53.18751]]}},{"type":"Feature","properties":{"osm_way_id":1272571255,"lines":["Northern"]},"geometry":{"type":"LineString","coordinates":[[-6.31858,53.7103],[-6.32422,53.71106]]}},{"type":"Feature","properties":{"osm_way_id":1272571256,"lines":["Northern"]},"geometry":{"type":"LineString","coordinates":[[-6.3134,53.70945],[-6.31858,53.7103]]}},{"type":"Feature","properties":{"osm_way_id":1272571257,"lines":["Northern"]},"geometry":{"type":"LineString","coordinates":[[-6.33372,53.71153],[-6.33522,53.71184],[-6.33682,53.71266]]}},{"type":"Feature","properties":{"osm_way_id":1273195062,"lines":["DART"]},"geometry":{"type":"LineString","coordinates":[[-6.06594,53.14801],[-6.06567,53.14779]]}},{"type":"Feature","properties":{"osm_way_id":1273195065,"lines":["DART"]},"geometry":{"type":"LineString","coordinates":[[-6.10396,53.21053],[-6.10364,53.20988]]}},{"type":"Feature","properties":{"osm_way_id":1273195066,"lines":["DART"]},"geometry":{"type":"LineString","coordinates":[[-6.10369,53.20987],[-6.10401,53.21052]]}},{"type":"Feature","properties":{"osm_way_id":1275040643,"lines":["Maynooth"]},"geometry":{"type":"LineString","coordinates":[[-6.53043,53.37406],[-6.52802,53.3734],[-6.52556,53.37231]]}},{"type":"Feature","properties":{"osm_way_id":1275040644,"lines":["Maynooth"]},"geometry":{"type":"LineString","coordinates":[[-6.51514,53.36931],[-6.51256,53.36892],[-6.51035,53.36889],[-6.50864,53.36919],[-6.50691,53.36992]]}},{"type":"Feature","properties":{"osm_way_id":1278547066,"lines":["DART","Northern"]},"geometry":{"type":"LineString","coordinates":[[-6.25446,53.34736],[-6.2546,53.34767]]}},{"type":"Feature","properties":{"osm_way_id":1278547067,"lines":["DART","Kildare","Maynooth"]},"geometry":{"type":"LineString","coordinates":[[-6.25452,53.34766],[-6.25441,53.34737]]}},{"type":"Feature","properties":{"osm_way_id":132607232,"lines":["Maynooth"]},"geometry":{"type":"LineString","coordinates":[[-6.28397,53.36905],[-6.28092,53.36742],[-6.27856,53.36655]]}},{"type":"Feature","properties":{"osm_way_id":1327791465,"lines":["Kildare"]},"geometry":{"type":"LineString","coordinates":[[-6.30816,53.3434],[-6.30978,53.34317]]}},{"type":"Feature","properties":{"osm_way_id":1328501400,"lines":["DART","Kildare","Maynooth"]},"geometry":{"type":"LineString","coordinates":[[-6.24547,53.35364],[-6.24544,53.35366]]}},{"type":"Feature","properties":{"osm_way_id":1328501403,"lines":["DART","Kildare","Maynooth"]},"geometry":{"type":"LineString","coordinates":[[-6.24544,53.35366],[-6.24522,53.35376]]}},{"type":"Feature","properties":{"osm_way_id":1328507962,"lines":["DART","Northern"]},"geometry":{"type":"LineString","coordinates":[[-6.22584,53.36373],[-6.22573,53.36378]]}},{"type":"Feature","properties":{"osm_way_id":1328507964,"lines":["DART"]},"geometry":{"type":"LineString","coordinates":[[-6.22577,53.36372],[-6.22651,53.36334]]}},{"type":"Feature","properties":{"osm_way_id":1335344585,"lines":["Kildare"]},"geometry":{"type":"LineString","coordinates":[[-6.6553,53.24955],[-6.6535,53.25034]]}},{"type":"Feature","properties":{"osm_way_id":1352122087,"lines":["Northern"]},"geometry":{"type":"LineString","coordinates":[[-6.13476,53.52948],[-6.13058,53.53365]]}},{"type":"Feature","properties":{"osm_way_id":1352122088,"lines":["Northern"]},"geometry":{"type":"LineString","coordinates":[[-6.13486,53.52938],[-6.13476,53.52948]]}},{"type":"Feature","properties":{"osm_way_id":135409969,"lines":["Northern"]},"geometry":{"type":"LineString","coordinates":[[-6.15729,53.39037],[-6.15687,53.39068]]}},{"type":"Feature","properties":{"osm_way_id":1359329526,"lines":["Northern"]},"geometry":{"type":"LineString","coordinates":[[-6.11361,53.56163],[-6.11501,53.56834],[-6.11643,53.57111]]}},{"type":"Feature","properties":{"osm_way_id":1359329527,"lines":["Northern"]},"geometry":{"type":"LineString","coordinates":[[-6.11359,53.56154],[-6.11361,53.56163]]}},{"type":"Feature","properties":{"osm_way_id":1381073586,"lines":["Northern"]},"geometry":{"type":"LineString","coordinates":[[-6.15565,53.39158],[-6.15438,53.39254]]}},{"type":"Feature","properties":{"osm_way_id":140310099,"lines":["Kildare","Maynooth"]},"geometry":{"type":"LineString","coordinates":[[-6.2408,53.35671],[-6.24087,53.35654]]}},{"type":"Feature","properties":{"osm_way_id":140310100,"lines":["Kildare","Maynooth"]},"geometry":{"type":"LineString","coordinates":[[-6.24087,53.35654],[-6.2417,53.35566],[-6.24204,53.35546]]}},{"type":"Feature","properties":{"osm_way_id":140663652,"lines":["Kildare","Maynooth"]},"geometry":{"type":"LineString","coordinates":[[-6.25192,53.36184],[-6.25173,53.36182]]}},{"type":"Feature","properties":{"osm_way_id":140663655,"lines":["Kildare","Maynooth"]},"geometry":{"type":"LineString","coordinates":[[-6.25173,53.36182],[-6.24896,53.36157]]}},{"type":"Feature","properties":{"osm_way_id":1425917002,"lines":["DART","Kildare","Maynooth"]},"geometry":{"type":"LineString","coordinates":[[-6.24896,53.35233],[-6.24907,53.3523]]}},{"type":"Feature","properties":{"osm_way_id":1441715860,"lines":["Kildare"]},"geometry":{"type":"LineString","coordinates":[[-6.24086,53.34104],[-6.24017,53.34071]]}},{"type":"Feature","properties":{"osm_way_id":1442585492,"lines":["Kildare"]},"geometry":{"type":"LineString","coordinates":[[-6.52594,53.32086],[-6.52876,53.31907]]}},{"type":"Feature","properties":{"osm_way_id":1442585493,"lines":["Kildare"]},"geometry":{"type":"LineString","coordinates":[[-6.53121,53.31766],[-6.52611,53.32093]]}},{"type":"Feature","properties":{"osm_way_id":1448263060,"lines":["Northern"]},"geometry":{"type":"LineString","coordinates":[[-6.24909,53.35233],[-6.24897,53.35236]]}},{"type":"Feature","properties":{"osm_way_id":1448263061,"lines":["DART","Northern"]},"geometry":{"type":"LineString","coordinates":[[-6.24909,53.35233],[-6.24898,53.35238]]}},{"type":"Feature","properties":{"osm_way_id":1459846332,"lines":["Kildare"]},"geometry":{"type":"LineString","coordinates":[[-6.29402,53.34641],[-6.29562,53.34627]]}},{"type":"Feature","properties":{"osm_way_id":1463601329,"lines":["DART","Kildare"]},"geometry":{"type":"LineString","coordinates":[[-6.24137,53.34125],[-6.24086,53.34104]]}},{"type":"Feature","properties":{"osm_way_id":1463846219,"lines":["Kildare"]},"geometry":{"type":"LineString","coordinates":[[-6.23795,53.33971],[-6.23897,53.34017]]}},{"type":"Feature","properties":{"osm_way_id":153042107,"lines":["DART"]},"geometry":{"type":"LineString","coordinates":[[-6.09958,53.2028],[-6.09963,53.20287]]}},{"type":"Feature","properties":{"osm_way_id":153237693,"lines":["DART"]},"geometry":{"type":"LineString","coordinates":[[-6.10232,53.20701],[-6.10101,53.20516]]}},{"type":"Feature","properties":{"osm_way_id":1543097374,"lines":["DART"]},"geometry":{"type":"LineString","coordinates":[[-6.07542,53.18043],[-6.07541,53.18012]]}},{"type":"Feature","properties":{"osm_way_id":164365155,"lines":["DART"]},"geometry":{"type":"LineString","coordinates":[[-6.1129,53.25757],[-6.11243,53.25938],[-6.11175,53.26059],[-6.10881,53.26375]]}},{"type":"Feature","properties":{"osm_way_id":166117630,"lines":["DART"]},"geometry":{"type":"LineString","coordinates":[[-6.15729,53.39037],[-6.15699,53.39058]]}},{"type":"Feature","properties":{"osm_way_id":18956244,"lines":["Kildare"]},"geometry":{"type":"LineString","coordinates":[[-6.32447,53.34171],[-6.32438,53.34172]]}},{"type":"Feature","properties":{"osm_way_id":20797230,"lines":["DART"]},"geometry":{"type":"LineString","coordinates":[[-6.07849,53.19002],[-6.07996,53.19159],[-6.0817,53.19258]]}},{"type":"Feature","properties":{"osm_way_id":20797707,"lines":["DART"]},"geometry":{"type":"LineString","coordinates":[[-6.07724,53.18702],[-6.07723,53.18454],[-6.07662,53.1829]]}},{"type":"Feature","properties":{"osm_way_id":20798626,"lines":["DART"]},"geometry":{"type":"LineString","coordinates":[[-6.07662,53.1829],[-6.07573,53.18182]]}},{"type":"Feature","properties":{"osm_way_id":20798627,"lines":["DART"]},"geometry":{"type":"LineString","coordinates":[[-6.07573,53.18182],[-6.07542,53.18043]]}},{"type":"Feature","properties":{"osm_way_id":20798628,"lines":["DART"]},"geometry":{"type":"LineString","coordinates":[[-6.07541,53.18012],[-6.07539,53.17989]]}},{"type":"Feature","properties":{"osm_way_id":20798629,"lines":["DART"]},"geometry":{"type":"LineString","coordinates":[[-6.07539,53.17989],[-6.07538,53.1797]]}},{"type":"Feature","properties":{"osm_way_id":20798630,"lines":["DART"]},"geometry":{"type":"LineString","coordinates":[[-6.07538,53.1797],[-6.07536,53.17953]]}},{"type":"Feature","properties":{"osm_way_id":20798632,"lines":["DART"]},"geometry":{"type":"LineString","coordinates":[[-6.07536,53.17953],[-6.07425,53.17636]]}},{"type":"Feature","properties":{"osm_way_id":20799753,"lines":["DART"]},"geometry":{"type":"LineString","coordinates":[[-6.07425,53.17636],[-6.07468,53.17475]]}},{"type":"Feature","properties":{"osm_way_id":20799754,"lines":["DART"]},"geometry":{"type":"LineString","coordinates":[[-6.07468,53.17475],[-6.07559,53.17358]]}},{"type":"Feature","properties":{"osm_way_id":20799757,"lines":["DART"]},"geometry":{"type":"LineString","coordinates":[[-6.07559,53.17358],[-6.07898,53.16923],[-6.07919,53.16727],[-6.07863,53.16505]]}},{"type":"Feature","properties":{"osm_way_id":21572641,"lines":["DART"]},"geometry":{"type":"LineString","coordinates":[[-6.09733,53.19936],[-6.09724,53.19923]]}},{"type":"Feature","properties":{"osm_way_id":22463133,"lines":["DART","Northern"]},"geometry":{"type":"LineString","coordinates":[[-6.22001,53.36674],[-6.2197,53.3669]]}},{"type":"Feature","properties":{"osm_way_id":227712173,"lines":["Kildare"]},"geometry":{"type":"LineString","coordinates":[[-6.28578,53.36891],[-6.28451,53.36913]]}},{"type":"Feature","properties":{"osm_way_id":227779941,"lines":["DART"]},"geometry":{"type":"LineString","coordinates":[[-6.11292,53.25748],[-6.1129,53.25757]]}},{"type":"Feature","properties":{"osm_way_id":227779942,"lines":["DART"]},"geometry":{"type":"LineString","coordinates":[[-6.113,53.2563],[-6.11292,53.25748]]}},{"type":"Feature","properties":{"osm_way_id":22977495,"lines":["Northern"]},"geometry":{"type":"LineString","coordinates":[[-6.24897,53.35236],[-6.24852,53.35247]]}},{"type":"Feature","properties":{"osm_way_id":22978528,"lines":["Kildare"]},"geometry":{"type":"LineString","coordinates":[[-6.28407,53.36921],[-6.282,53.36935],[-6.28017,53.36897]]}},{"type":"Feature","properties":{"osm_way_id":22978537,"lines":["Maynooth"]},"geometry":{"type":"LineString","coordinates":[[-6.29318,53.37142],[-6.29123,53.37125]]}},{"type":"Feature","properties":{"osm_way_id":22978540,"lines":["Maynooth"]},"geometry":{"type":"LineString","coordinates":[[-6.28749,53.37082],[-6.28397,53.36905]]}},{"type":"Feature","properties":{"osm_way_id":22978617,"lines":["Kildare"]},"geometry":{"type":"LineString","coordinates":[[-6.32438,53.34172],[-6.3196,53.34251],[-6.3113,53.34306]]}},{"type":"Feature","properties":{"osm_way_id":22978677,"lines":["Kildare"]},"geometry":{"type":"LineString","coordinates":[[-6.29971,53.34602],[-6.30163,53.34601],[-6.30297,53.34575],[-6.3056,53.34434]]}},{"type":"Feature","properties":{"osm_way_id":23008411,"lines":["DART"]},"geometry":{"type":"LineString","coordinates":[[-6.23084,53.33538],[-6.23322,53.33715]]}},{"type":"Feature","properties":{"osm_way_id":23013780,"lines":["DART"]},"geometry":{"type":"LineString","coordinates":[[-6.22934,53.33423],[-6.23044,53.33509]]}},{"type":"Feature","properties":{"osm_way_id":23013782,"lines":["DART"]},"geometry":{"type":"LineString","coordinates":[[-6.228,53.33322],[-6.22934,53.33423]]}},{"type":"Feature","properties":{"osm_way_id":23025970,"lines":["DART","Northern"]},"geometry":{"type":"LineString","coordinates":[[-6.15754,53.39018],[-6.15737,53.39031]]}},{"type":"Feature","properties":{"osm_way_id":23076521,"lines":["Kildare","Maynooth"]},"geometry":{"type":"LineString","coordinates":[[-6.24796,53.36147],[-6.24781,53.36146]]}},{"type":"Feature","properties":{"osm_way_id":23076522,"lines":["Kildare","Maynooth"]},"geometry":{"type":"LineString","coordinates":[[-6.24658,53.36135],[-6.24781,53.36146]]}},{"type":"Feature","properties":{"osm_way_id":23359258,"lines":["DART"]},"geometry":{"type":"LineString","coordinates":[[-6.11514,53.23191],[-6.1152,53.23207]]}},{"type":"Feature","properties":{"osm_way_id":23359262,"lines":["DART"]},"geometry":{"type":"LineString","coordinates":[[-6.1152,53.23207],[-6.11687,53.23607],[-6.11729,53.23781],[-6.11725,53.24288],[-6.11692,53.2443]]}},{"type":"Feature","properties":{"osm_way_id":23359476,"lines":["DART"]},"geometry":{"type":"LineString","coordinates":[[-6.11613,53.24571],[-6.11604,53.24584]]}},{"type":"Feature","properties":{"osm_way_id":23359477,"lines":["DART"]},"geometry":{"type":"LineString","coordinates":[[-6.11604,53.24584],[-6.1141,53.24853],[-6.11351,53.25153]]}},{"type":"Feature","properties":{"osm_way_id":23578502,"lines":["Northern"]},"geometry":{"type":"LineString","coordinates":[[-6.14962,53.40959],[-6.14966,53.40978]]}},{"type":"Feature","properties":{"osm_way_id":23578503,"lines":["Northern"]},"geometry":{"type":"LineString","coordinates":[[-6.14966,53.40978],[-6.1515,53.41831]]}},{"type":"Feature","properties":{"osm_way_id":23578514,"lines":["Northern"]},"geometry":{"type":"LineString","coordinates":[[-6.15192,53.42034],[-6.15196,53.42053]]}},{"type":"Feature","properties":{"osm_way_id":23578515,"lines":["Northern"]},"geometry":{"type":"LineString","coordinates":[[-6.15196,53.42053],[-6.15288,53.42483]]}},{"type":"Feature","properties":{"osm_way_id":23779954,"lines":["Northern"]},"geometry":{"type":"LineString","coordinates":[[-6.14791,53.585],[-6.14813,53.58509]]}},{"type":"Feature","properties":{"osm_way_id":23779955,"lines":["Northern"]},"geometry":{"type":"LineString","coordinates":[[-6.14813,53.58509],[-6.14932,53.58563]]}},{"type":"Feature","properties":{"osm_way_id":23880197,"lines":["DART"]},"geometry":{"type":"LineString","coordinates":[[-6.11692,53.2443],[-6.11689,53.24436]]}},{"type":"Feature","properties":{"osm_way_id":23880198,"lines":["DART"]},"geometry":{"type":"LineString","coordinates":[[-6.11689,53.24436],[-6.11613,53.24571]]}},{"type":"Feature","properties":{"osm_way_id":24450921,"lines":["Kildare","Maynooth"]},"geometry":{"type":"LineString","coordinates":[[-6.24334,53.36063],[-6.24193,53.35986]]}},{"type":"Feature","properties":{"osm_way_id":244542879,"lines":["DART"]},"geometry":{"type":"LineString","coordinates":[[-6.12879,53.29144],[-6.13086,53.29299]]}},{"type":"Feature","properties":{"osm_way_id":246064394,"lines":["DART","Kildare","Maynooth"]},"geometry":{"type":"LineString","coordinates":[[-6.2523,53.34532],[-6.25211,53.34515]]}},{"type":"Feature","properties":{"osm_way_id":246064395,"lines":["DART","Kildare","Maynooth"]},"geometry":{"type":"LineString","coordinates":[[-6.25211,53.34515],[-6.25161,53.3447]]}},{"type":"Feature","properties":{"osm_way_id":246065297,"lines":["DART","Kildare","Maynooth"]},"geometry":{"type":"LineString","coordinates":[[-6.25309,53.34599],[-6.25284,53.34578]]}},{"type":"Feature","properties":{"osm_way_id":246065298,"lines":["DART","Kildare","Maynooth"]},"geometry":{"type":"LineString","coordinates":[[-6.25284,53.34578],[-6.2523,53.34532]]}},{"type":"Feature","properties":{"osm_way_id":252978393,"lines":["Kildare"]},"geometry":{"type":"LineString","coordinates":[[-6.30404,53.34785],[-6.30404,53.3484]]}},{"type":"Feature","properties":{"osm_way_id":253388872,"lines":["Kildare"]},"geometry":{"type":"LineString","coordinates":[[-6.28451,53.36913],[-6.28407,53.36921]]}},{"type":"Feature","properties":{"osm_way_id":253388876,"lines":["Kildare"]},"geometry":{"type":"LineString","coordinates":[[-6.30403,53.3472],[-6.30404,53.34785]]}},{"type":"Feature","properties":{"osm_way_id":253388877,"lines":["Kildare"]},"geometry":{"type":"LineString","coordinates":[[-6.30403,53.3472],[-6.30408,53.34621],[-6.30459,53.34528],[-6.30535,53.34463],[-6.30668,53.34399]]}},{"type":"Feature","properties":{"osm_way_id":253503644,"lines":["Kildare","Maynooth"]},"geometry":{"type":"LineString","coordinates":[[-6.24081,53.35841],[-6.24066,53.35723]]}},{"type":"Feature","properties":{"osm_way_id":253534962,"lines":["DART","Northern"]},"geometry":{"type":"LineString","coordinates":[[-6.24292,53.35505],[-6.2425,53.35526]]}},{"type":"Feature","properties":{"osm_way_id":253810441,"lines":["DART","Northern"]},"geometry":{"type":"LineString","coordinates":[[-6.24898,53.35238],[-6.24583,53.35357]]}},{"type":"Feature","properties":{"osm_way_id":253815751,"lines":["DART"]},"geometry":{"type":"LineString","coordinates":[[-6.23998,53.35636],[-6.24011,53.35629]]}},{"type":"Feature","properties":{"osm_way_id":253981695,"lines":["DART"]},"geometry":{"type":"LineString","coordinates":[[-6.24144,53.35573],[-6.24204,53.35546]]}},{"type":"Feature","properties":{"osm_way_id":253981698,"lines":["DART"]},"geometry":{"type":"LineString","coordinates":[[-6.24011,53.35629],[-6.24144,53.35573]]}},{"type":"Feature","properties":{"osm_way_id":253981700,"lines":["DART","Northern"]},"geometry":{"type":"LineString","coordinates":[[-6.24207,53.35549],[-6.2417,53.35566],[-6.24019,53.3563]]}},{"type":"Feature","properties":{"osm_way_id":25479366,"lines":["Kildare"]},"geometry":{"type":"LineString","coordinates":[[-6.80424,53.18809],[-6.79553,53.19358],[-6.76857,53.21634],[-6.76452,53.21928],[-6.75948,53.22182],[-6.73205,53.23265],[-6.73011,53.2333],[-6.72622,53.23424]]}},{"type":"Feature","properties":{"osm_way_id":255439488,"lines":["DART","Kildare","Maynooth"]},"geometry":{"type":"LineString","coordinates":[[-6.25441,53.34737],[-6.25405,53.34682]]}},{"type":"Feature","properties":{"osm_way_id":255458670,"lines":["Kildare"]},"geometry":{"type":"LineString","coordinates":[[-6.52611,53.32093],[-6.51923,53.3251],[-6.51443,53.32774],[-6.50928,53.33041],[-6.50657,53.33159],[-6.50245,53.33308],[-6.49742,53.33447],[-6.49231,53.33549],[-6.48679,53.33616],[-6.48105,53.33644],[-6.47302,53.33627],[-6.39485,53.33295],[-6.39013,53.33312],[-6.36368,53.33525]]}},{"type":"Feature","properties":{"osm_way_id":255458673,"lines":["Kildare"]},"geometry":{"type":"LineString","coordinates":[[-6.32845,53.3409],[-6.3297,53.34066]]}},{"type":"Feature","properties":{"osm_way_id":255465491,"lines":["Kildare"]},"geometry":{"type":"LineString","coordinates":[[-6.5958,53.28903],[-6.58453,53.29643],[-6.58075,53.29837],[-6.54222,53.31163],[-6.53712,53.31401],[-6.53121,53.31766]]}},{"type":"Feature","properties":{"osm_way_id":255702056,"lines":["Kildare"]},"geometry":{"type":"LineString","coordinates":[[-6.32451,53.34166],[-6.32845,53.3409]]}},{"type":"Feature","properties":{"osm_way_id":255702066,"lines":["Kildare"]},"geometry":{"type":"LineString","coordinates":[[-6.32451,53.34166],[-6.32431,53.3417]]}},{"type":"Feature","properties":{"osm_way_id":255702071,"lines":["Kildare"]},"geometry":{"type":"LineString","coordinates":[[-6.31164,53.34299],[-6.31959,53.34247],[-6.32431,53.3417]]}},{"type":"Feature","properties":{"osm_way_id":258581897,"lines":["DART"]},"geometry":{"type":"LineString","coordinates":[[-6.11111,53.2776],[-6.1114,53.27768]]}},{"type":"Feature","properties":{"osm_way_id":258676557,"lines":["Kildare"]},"geometry":{"type":"LineString","coordinates":[[-6.62818,53.26768],[-6.63503,53.26318]]}},{"type":"Feature","properties":{"osm_way_id":258676558,"lines":["Kildare"]},"geometry":{"type":"LineString","coordinates":[[-6.65091,53.25168],[-6.6513,53.25145]]}},{"type":"Feature","properties":{"osm_way_id":258676559,"lines":["Kildare"]},"geometry":{"type":"LineString","coordinates":[[-6.6513,53.25145],[-6.65238,53.25086]]}},{"type":"Feature","properties":{"osm_way_id":259246214,"lines":["Kildare"]},"geometry":{"type":"LineString","coordinates":[[-6.62818,53.26773],[-6.62805,53.26782]]}},{"type":"Feature","properties":{"osm_way_id":259246216,"lines":["Kildare"]},"geometry":{"type":"LineString","coordinates":[[-6.65098,53.25168],[-6.6487,53.25321],[-6.64147,53.25893],[-6.63506,53.2632]]}},{"type":"Feature","properties":{"osm_way_id":26319424,"lines":["Northern"]},"geometry":{"type":"LineString","coordinates":[[-6.33744,53.71365],[-6.33748,53.71442]]}},{"type":"Feature","properties":{"osm_way_id":26319843,"lines":["Northern"]},"geometry":{"type":"LineString","coordinates":[[-6.11643,53.57111],[-6.11655,53.57126]]}},{"type":"Feature","properties":{"osm_way_id":26319844,"lines":["Northern"]},"geometry":{"type":"LineString","coordinates":[[-6.11655,53.57126],[-6.11792,53.57283],[-6.11982,53.57448],[-6.12391,53.57707],[-6.1291,53.57925],[-6.13567,53.58112]]}},{"type":"Feature","properties":{"osm_way_id":264235607,"lines":["Maynooth"]},"geometry":{"type":"LineString","coordinates":[[-6.52556,53.37231],[-6.52303,53.37094],[-6.52164,53.37045],[-6.51514,53.36931]]}},{"type":"Feature","properties":{"osm_way_id":26500551,"lines":["Northern"]},"geometry":{"type":"LineString","coordinates":[[-6.15559,53.45771],[-6.15635,53.45261]]}},{"type":"Feature","properties":{"osm_way_id":26500552,"lines":["Northern"]},"geometry":{"type":"LineString","coordinates":[[-6.15398,53.46863],[-6.15535,53.45937]]}},{"type":"Feature","properties":{"osm_way_id":26500612,"lines":["Northern"]},"geometry":{"type":"LineString","coordinates":[[-6.1491,53.50171],[-6.149,53.50236]]}},{"type":"Feature","properties":{"osm_way_id":26500613,"lines":["Northern"]},"geometry":{"type":"LineString","coordinates":[[-6.149,53.50236],[-6.14787,53.51009]]}},{"type":"Feature","properties":{"osm_way_id":26591895,"lines":["Northern"]},"geometry":{"type":"LineString","coordinates":[[-6.3377,53.72262],[-6.33789,53.73016],[-6.33761,53.73227]]}},{"type":"Feature","properties":{"osm_way_id":266581823,"lines":["DART"]},"geometry":{"type":"LineString","coordinates":[[-6.09724,53.19923],[-6.09562,53.1971]]}},{"type":"Feature","properties":{"osm_way_id":266589999,"lines":["DART"]},"geometry":{"type":"LineString","coordinates":[[-6.09908,53.20193],[-6.09798,53.20029]]}},{"type":"Feature","properties":{"osm_way_id":266590000,"lines":["DART"]},"geometry":{"type":"LineString","coordinates":[[-6.09798,53.20029],[-6.09789,53.20015]]}},{"type":"Feature","properties":{"osm_way_id":266592219,"lines":["DART"]},"geometry":{"type":"LineString","coordinates":[[-6.10306,53.20842],[-6.10238,53.20711]]}},{"type":"Feature","properties":{"osm_way_id":266592220,"lines":["DART"]},"geometry":{"type":"LineString","coordinates":[[-6.10238,53.20711],[-6.10232,53.20701]]}},{"type":"Feature","properties":{"osm_way_id":266592226,"lines":["DART"]},"geometry":{"type":"LineString","coordinates":[[-6.09789,53.20015],[-6.09773,53.1999]]}},{"type":"Feature","properties":{"osm_way_id":266603315,"lines":["DART"]},"geometry":{"type":"LineString","coordinates":[[-6.06812,53.15034],[-6.06805,53.15025]]}},{"type":"Feature","properties":{"osm_way_id":266603318,"lines":["DART"]},"geometry":{"type":"LineString","coordinates":[[-6.06206,53.14533],[-6.06074,53.14408]]}},{"type":"Feature","properties":{"osm_way_id":266603323,"lines":["DART"]},"geometry":{"type":"LineString","coordinates":[[-6.06283,53.14589],[-6.06206,53.14533]]}},{"type":"Feature","properties":{"osm_way_id":266606354,"lines":["DART"]},"geometry":{"type":"LineString","coordinates":[[-6.06805,53.15025],[-6.06594,53.14801]]}},{"type":"Feature","properties":{"osm_way_id":266606357,"lines":["DART"]},"geometry":{"type":"LineString","coordinates":[[-6.09115,53.19567],[-6.09368,53.19609],[-6.09548,53.19699]]}},{"type":"Feature","properties":{"osm_way_id":266611483,"lines":["DART"]},"geometry":{"type":"LineString","coordinates":[[-6.09911,53.20205],[-6.09904,53.20194]]}},{"type":"Feature","properties":{"osm_way_id":266611489,"lines":["DART"]},"geometry":{"type":"LineString","coordinates":[[-6.09981,53.20328],[-6.0997,53.20303]]}},{"type":"Feature","properties":{"osm_way_id":266611491,"lines":["DART"]},"geometry":{"type":"LineString","coordinates":[[-6.09962,53.20287],[-6.09958,53.2028]]}},{"type":"Feature","properties":{"osm_way_id":266633162,"lines":["DART"]},"geometry":{"type":"LineString","coordinates":[[-6.09738,53.19945],[-6.09773,53.1999]]}},{"type":"Feature","properties":{"osm_way_id":266634893,"lines":["DART"]},"geometry":{"type":"LineString","coordinates":[[-6.14245,53.29628],[-6.14025,53.29632],[-6.13838,53.29612],[-6.13676,53.29575],[-6.13465,53.29494]]}},{"type":"Feature","properties":{"osm_way_id":266634894,"lines":["DART"]},"geometry":{"type":"LineString","coordinates":[[-6.10325,53.20889],[-6.10306,53.20842]]}},{"type":"Feature","properties":{"osm_way_id":267969722,"lines":["Kildare"]},"geometry":{"type":"LineString","coordinates":[[-6.88238,53.16717],[-6.9066,53.16312]]}},{"type":"Feature","properties":{"osm_way_id":267969725,"lines":["Kildare"]},"geometry":{"type":"LineString","coordinates":[[-6.88219,53.16722],[-6.88238,53.16717]]}},{"type":"Feature","properties":{"osm_way_id":267969729,"lines":["Kildare"]},"geometry":{"type":"LineString","coordinates":[[-6.80508,53.18751],[-6.81448,53.18183],[-6.82676,53.17636],[-6.83018,53.1751],[-6.83376,53.17422],[-6.84581,53.17205],[-6.85124,53.17162],[-6.85703,53.17172]]}},{"type":"Feature","properties":{"osm_way_id":268072955,"lines":["Kildare"]},"geometry":{"type":"LineString","coordinates":[[-6.94119,53.15749],[-6.95293,53.15558],[-6.96268,53.15454]]}},{"type":"Feature","properties":{"osm_way_id":268278227,"lines":["Kildare"]},"geometry":{"type":"LineString","coordinates":[[-6.9408,53.15755],[-6.94119,53.15749]]}},{"type":"Feature","properties":{"osm_way_id":268569855,"lines":["Kildare"]},"geometry":{"type":"LineString","coordinates":[[-6.80705,53.18617],[-6.80508,53.18751]]}},{"type":"Feature","properties":{"osm_way_id":268608234,"lines":["Kildare"]},"geometry":{"type":"LineString","coordinates":[[-6.80493,53.18761],[-6.80424,53.18809]]}},{"type":"Feature","properties":{"osm_way_id":268608235,"lines":["Kildare"]},"geometry":{"type":"LineString","coordinates":[[-6.65238,53.25086],[-6.65618,53.24916],[-6.6598,53.24799],[-6.67464,53.24484]]}},{"type":"Feature","properties":{"osm_way_id":268608236,"lines":["Kildare"]},"geometry":{"type":"LineString","coordinates":[[-6.72583,53.23428],[-6.72617,53.2342]]}},{"type":"Feature","properties":{"osm_way_id":268608237,"lines":["Kildare"]},"geometry":{"type":"LineString","coordinates":[[-6.72617,53.2342],[-6.73112,53.23294],[-6.73546,53.23129],[-6.75956,53.22175],[-6.76455,53.2192],[-6.76821,53.21657],[-6.79547,53.19358],[-6.80493,53.18761]]}},{"type":"Feature","properties":{"osm_way_id":268608238,"lines":["Kildare"]},"geometry":{"type":"LineString","coordinates":[[-6.72622,53.23424],[-6.72585,53.23431]]}},{"type":"Feature","properties":{"osm_way_id":268608241,"lines":["Kildare"]},"geometry":{"type":"LineString","coordinates":[[-6.67508,53.24476],[-6.67744,53.24427]]}},{"type":"Feature","properties":{"osm_way_id":268608242,"lines":["Kildare"]},"geometry":{"type":"LineString","coordinates":[[-6.67464,53.24484],[-6.67508,53.24476]]}},{"type":"Feature","properties":{"osm_way_id":268608243,"lines":["Kildare"]},"geometry":{"type":"LineString","coordinates":[[-6.67744,53.24427],[-6.67761,53.24424]]}},{"type":"Feature","properties":{"osm_way_id":268608244,"lines":["Kildare"]},"geometry":{"type":"LineString","coordinates":[[-6.6787,53.24401],[-6.68996,53.24168]]}},{"type":"Feature","properties":{"osm_way_id":268608245,"lines":["Kildare"]},"geometry":{"type":"LineString","coordinates":[[-6.69082,53.24151],[-6.72583,53.23428]]}},{"type":"Feature","properties":{"osm_way_id":268608246,"lines":["Kildare"]},"geometry":{"type":"LineString","coordinates":[[-6.68996,53.24168],[-6.69082,53.24151]]}},{"type":"Feature","properties":{"osm_way_id":268712916,"lines":["Kildare"]},"geometry":{"type":"LineString","coordinates":[[-6.62803,53.26778],[-6.62818,53.26768]]}},{"type":"Feature","properties":{"osm_way_id":268712917,"lines":["Kildare"]},"geometry":{"type":"LineString","coordinates":[[-6.61122,53.27884],[-6.62803,53.26778]]}},{"type":"Feature","properties":{"osm_way_id":268714542,"lines":["Kildare"]},"geometry":{"type":"LineString","coordinates":[[-6.52876,53.31907],[-6.53679,53.31414],[-6.54137,53.31192],[-6.57748,53.29957],[-6.58091,53.29826],[-6.58435,53.29647],[-6.59576,53.289]]}},{"type":"Feature","properties":{"osm_way_id":268714543,"lines":["Kildare"]},"geometry":{"type":"LineString","coordinates":[[-6.61082,53.2791],[-6.61122,53.27884]]}},{"type":"Feature","properties":{"osm_way_id":270631460,"lines":["DART"]},"geometry":{"type":"LineString","coordinates":[[-6.23567,53.35859],[-6.2367,53.35806]]}},{"type":"Feature","properties":{"osm_way_id":270631464,"lines":["DART"]},"geometry":{"type":"LineString","coordinates":[[-6.22651,53.36334],[-6.23112,53.36095]]}},{"type":"Feature","properties":{"osm_way_id":270631473,"lines":["DART"]},"geometry":{"type":"LineString","coordinates":[[-6.22521,53.36401],[-6.22577,53.36372]]}},{"type":"Feature","properties":{"osm_way_id":270631483,"lines":["DART"]},"geometry":{"type":"LineString","coordinates":[[-6.21961,53.36691],[-6.21994,53.36673]]}},{"type":"Feature","properties":{"osm_way_id":270631487,"lines":["DART"]},"geometry":{"type":"LineString","coordinates":[[-6.2351,53.35889],[-6.23567,53.35859]]}},{"type":"Feature","properties":{"osm_way_id":270631518,"lines":["DART"]},"geometry":{"type":"LineString","coordinates":[[-6.21994,53.36673],[-6.22521,53.36401]]}},{"type":"Feature","properties":{"osm_way_id":272484948,"lines":["DART"]},"geometry":{"type":"LineString","coordinates":[[-6.07832,53.18977],[-6.07813,53.18944]]}},{"type":"Feature","properties":{"osm_way_id":272484949,"lines":["DART"]},"geometry":{"type":"LineString","coordinates":[[-6.07813,53.18944],[-6.07724,53.18702]]}},{"type":"Feature","properties":{"osm_way_id":274227620,"lines":["DART"]},"geometry":{"type":"LineString","coordinates":[[-6.23383,53.33753],[-6.23395,53.3376]]}},{"type":"Feature","properties":{"osm_way_id":274231712,"lines":["DART"]},"geometry":{"type":"LineString","coordinates":[[-6.23395,53.3376],[-6.23447,53.33792]]}},{"type":"Feature","properties":{"osm_way_id":274231713,"lines":["DART"]},"geometry":{"type":"LineString","coordinates":[[-6.23341,53.33728],[-6.23383,53.33753]]}},{"type":"Feature","properties":{"osm_way_id":274231714,"lines":["Kildare"]},"geometry":{"type":"LineString","coordinates":[[-6.23897,53.34017],[-6.23942,53.34037]]}},{"type":"Feature","properties":{"osm_way_id":274233178,"lines":["DART"]},"geometry":{"type":"LineString","coordinates":[[-6.23661,53.33905],[-6.23673,53.3391]]}},{"type":"Feature","properties":{"osm_way_id":274236271,"lines":["DART"]},"geometry":{"type":"LineString","coordinates":[[-6.24619,53.3428],[-6.24644,53.34287]]}},{"type":"Feature","properties":{"osm_way_id":274255868,"lines":["Northern"]},"geometry":{"type":"LineString","coordinates":[[-6.14932,53.58563],[-6.15135,53.5868],[-6.1529,53.58801],[-6.15926,53.59397],[-6.16319,53.5982]]}},{"type":"Feature","properties":{"osm_way_id":275489581,"lines":["DART"]},"geometry":{"type":"LineString","coordinates":[[-6.24475,53.34241],[-6.24499,53.34247]]}},{"type":"Feature","properties":{"osm_way_id":275489582,"lines":["DART"]},"geometry":{"type":"LineString","coordinates":[[-6.24499,53.34247],[-6.24619,53.3428]]}},{"type":"Feature","properties":{"osm_way_id":275490369,"lines":["DART"]},"geometry":{"type":"LineString","coordinates":[[-6.24397,53.34215],[-6.24409,53.34219]]}},{"type":"Feature","properties":{"osm_way_id":275490370,"lines":["DART"]},"geometry":{"type":"LineString","coordinates":[[-6.24409,53.34219],[-6.24475,53.34241]]}},{"type":"Feature","properties":{"osm_way_id":275491138,"lines":["DART"]},"geometry":{"type":"LineString","coordinates":[[-6.24153,53.34128],[-6.24397,53.34215]]}},{"type":"Feature","properties":{"osm_way_id":275491139,"lines":["DART"]},"geometry":{"type":"LineString","coordinates":[[-6.24138,53.34122],[-6.24153,53.34128]]}},{"type":"Feature","properties":{"osm_way_id":277280904,"lines":["DART","Northern"]},"geometry":{"type":"LineString","coordinates":[[-6.2197,53.3669],[-6.21305,53.37023],[-6.20431,53.37303],[-6.19577,53.37693]]}},{"type":"Feature","properties":{"osm_way_id":277280908,"lines":["DART"]},"geometry":{"type":"LineString","coordinates":[[-6.20775,53.37189],[-6.21321,53.37012],[-6.21961,53.36691]]}},{"type":"Feature","properties":{"osm_way_id":277280911,"lines":["DART"]},"geometry":{"type":"LineString","coordinates":[[-6.17897,53.38112],[-6.18697,53.37976],[-6.19004,53.37907],[-6.19308,53.37808],[-6.1958,53.37687]]}},{"type":"Feature","properties":{"osm_way_id":277280913,"lines":["DART"]},"geometry":{"type":"LineString","coordinates":[[-6.1788,53.38115],[-6.17897,53.38112]]}},{"type":"Feature","properties":{"osm_way_id":277281617,"lines":["DART"]},"geometry":{"type":"LineString","coordinates":[[-6.16704,53.3842],[-6.17064,53.38289],[-6.17589,53.38163]]}},{"type":"Feature","properties":{"osm_way_id":277281618,"lines":["DART","Northern"]},"geometry":{"type":"LineString","coordinates":[[-6.1659,53.38476],[-6.16315,53.38621],[-6.16067,53.38789]]}},{"type":"Feature","properties":{"osm_way_id":277979893,"lines":["DART"]},"geometry":{"type":"LineString","coordinates":[[-6.1575,53.39016],[-6.16242,53.3866],[-6.16704,53.3842]]}},{"type":"Feature","properties":{"osm_way_id":28975626,"lines":["Northern"]},"geometry":{"type":"LineString","coordinates":[[-6.1528,53.47666],[-6.15279,53.47675]]}},{"type":"Feature","properties":{"osm_way_id":290564417,"lines":["DART"]},"geometry":{"type":"LineString","coordinates":[[-6.23336,53.33729],[-6.23318,53.33717]]}},{"type":"Feature","properties":{"osm_way_id":294598758,"lines":["DART"]},"geometry":{"type":"LineString","coordinates":[[-6.10881,53.26375],[-6.10867,53.26394]]}},{"type":"Feature","properties":{"osm_way_id":294598762,"lines":["DART"]},"geometry":{"type":"LineString","coordinates":[[-6.10867,53.26394],[-6.10732,53.26581]]}},{"type":"Feature","properties":{"osm_way_id":299275707,"lines":["DART"]},"geometry":{"type":"LineString","coordinates":[[-6.10101,53.20516],[-6.09981,53.20328]]}},{"type":"Feature","properties":{"osm_way_id":299275708,"lines":["DART"]},"geometry":{"type":"LineString","coordinates":[[-6.10115,53.20528],[-6.10237,53.20701]]}},{"type":"Feature","properties":{"osm_way_id":299275711,"lines":["DART"]},"geometry":{"type":"LineString","coordinates":[[-6.13082,53.29301],[-6.12875,53.29146]]}},{"type":"Feature","properties":{"osm_way_id":299275712,"lines":["DART"]},"geometry":{"type":"LineString","coordinates":[[-6.13399,53.29462],[-6.13082,53.29301]]}},{"type":"Feature","properties":{"osm_way_id":301173239,"lines":["Kildare"]},"geometry":{"type":"LineString","coordinates":[[-6.87315,53.17078],[-6.87851,53.16837],[-6.88219,53.16722]]}},{"type":"Feature","properties":{"osm_way_id":301173240,"lines":["Kildare"]},"geometry":{"type":"LineString","coordinates":[[-6.59576,53.289],[-6.61082,53.2791]]}},{"type":"Feature","properties":{"osm_way_id":301173241,"lines":["Kildare"]},"geometry":{"type":"LineString","coordinates":[[-6.85703,53.17172],[-6.86243,53.17229],[-6.86639,53.17232],[-6.87003,53.1718],[-6.87315,53.17078]]}},{"type":"Feature","properties":{"osm_way_id":301173242,"lines":["Kildare"]},"geometry":{"type":"LineString","coordinates":[[-6.63503,53.26318],[-6.64136,53.25896],[-6.64866,53.25319],[-6.65091,53.25168]]}},{"type":"Feature","properties":{"osm_way_id":30454723,"lines":["DART","Northern"]},"geometry":{"type":"LineString","coordinates":[[-6.23571,53.35862],[-6.23514,53.35892]]}},{"type":"Feature","properties":{"osm_way_id":30458025,"lines":["DART"]},"geometry":{"type":"LineString","coordinates":[[-6.09561,53.39141],[-6.09534,53.3914]]}},{"type":"Feature","properties":{"osm_way_id":30458029,"lines":["DART"]},"geometry":{"type":"LineString","coordinates":[[-6.09534,53.3914],[-6.08667,53.39089]]}},{"type":"Feature","properties":{"osm_way_id":306849005,"lines":["DART"]},"geometry":{"type":"LineString","coordinates":[[-6.14264,53.29623],[-6.15061,53.2954],[-6.15258,53.29539],[-6.15443,53.29559],[-6.15706,53.29621],[-6.16524,53.29915],[-6.17096,53.30065]]}},{"type":"Feature","properties":{"osm_way_id":306849013,"lines":["DART"]},"geometry":{"type":"LineString","coordinates":[[-6.17096,53.30065],[-6.17134,53.30075]]}},{"type":"Feature","properties":{"osm_way_id":308289343,"lines":["DART"]},"geometry":{"type":"LineString","coordinates":[[-6.10401,53.21052],[-6.10505,53.21199],[-6.10709,53.21399],[-6.10817,53.21545],[-6.11514,53.23191]]}},{"type":"Feature","properties":{"osm_way_id":308289354,"lines":["DART"]},"geometry":{"type":"LineString","coordinates":[[-6.10366,53.20978],[-6.10369,53.20987]]}},{"type":"Feature","properties":{"osm_way_id":308289362,"lines":["DART"]},"geometry":{"type":"LineString","coordinates":[[-6.10364,53.20988],[-6.1036,53.20979]]}},{"type":"Feature","properties":{"osm_way_id":308289364,"lines":["DART"]},"geometry":{"type":"LineString","coordinates":[[-6.1036,53.20979],[-6.10325,53.20889]]}},{"type":"Feature","properties":{"osm_way_id":311960786,"lines":["DART"]},"geometry":{"type":"LineString","coordinates":[[-6.12779,53.29056],[-6.12698,53.28959],[-6.12694,53.28839]]}},{"type":"Feature","properties":{"osm_way_id":311960790,"lines":["DART"]},"geometry":{"type":"LineString","coordinates":[[-6.12875,53.29146],[-6.12779,53.29056]]}},{"type":"Feature","properties":{"osm_way_id":311960791,"lines":["DART"]},"geometry":{"type":"LineString","coordinates":[[-6.17132,53.30078],[-6.17094,53.30069]]}},{"type":"Feature","properties":{"osm_way_id":311960792,"lines":["DART"]},"geometry":{"type":"LineString","coordinates":[[-6.17094,53.30069],[-6.16557,53.29929],[-6.15737,53.29635],[-6.15463,53.29566],[-6.15255,53.29543],[-6.15062,53.29543],[-6.14245,53.29628]]}},{"type":"Feature","properties":{"osm_way_id":311960793,"lines":["DART"]},"geometry":{"type":"LineString","coordinates":[[-6.22779,53.33309],[-6.22082,53.32778]]}},{"type":"Feature","properties":{"osm_way_id":311960794,"lines":["DART"]},"geometry":{"type":"LineString","coordinates":[[-6.22799,53.33324],[-6.22791,53.33319]]}},{"type":"Feature","properties":{"osm_way_id":311960795,"lines":["DART"]},"geometry":{"type":"LineString","coordinates":[[-6.23318,53.33717],[-6.23078,53.3354]]}},{"type":"Feature","properties":{"osm_way_id":311960796,"lines":["DART"]},"geometry":{"type":"LineString","coordinates":[[-6.23039,53.33512],[-6.22929,53.33425]]}},{"type":"Feature","properties":{"osm_way_id":311960797,"lines":["DART"]},"geometry":{"type":"LineString","coordinates":[[-6.22929,53.33425],[-6.22799,53.33324]]}},{"type":"Feature","properties":{"osm_way_id":31319361,"lines":["Northern"]},"geometry":{"type":"LineString","coordinates":[[-6.14787,53.51009],[-6.14785,53.51021]]}},{"type":"Feature","properties":{"osm_way_id":31319363,"lines":["Northern"]},"geometry":{"type":"LineString","coordinates":[[-6.14785,53.51021],[-6.1471,53.5147],[-6.14637,53.51663],[-6.14534,53.51845],[-6.14349,53.52075],[-6.13486,53.52938]]}},{"type":"Feature","properties":{"osm_way_id":317101104,"lines":["DART"]},"geometry":{"type":"LineString","coordinates":[[-6.22791,53.33319],[-6.22779,53.33309]]}},{"type":"Feature","properties":{"osm_way_id":317149211,"lines":["DART","Northern"]},"geometry":{"type":"LineString","coordinates":[[-6.17846,53.38123],[-6.17315,53.38223],[-6.16901,53.38349]]}},{"type":"Feature","properties":{"osm_way_id":317149212,"lines":["DART","Northern"]},"geometry":{"type":"LineString","coordinates":[[-6.15737,53.39031],[-6.15729,53.39037]]}},{"type":"Feature","properties":{"osm_way_id":317183904,"lines":["DART","Northern"]},"geometry":{"type":"LineString","coordinates":[[-6.17893,53.38115],[-6.17899,53.38114]]}},{"type":"Feature","properties":{"osm_way_id":317183906,"lines":["DART","Northern"]},"geometry":{"type":"LineString","coordinates":[[-6.19577,53.37693],[-6.19202,53.37851],[-6.18836,53.37951]]}},{"type":"Feature","properties":{"osm_way_id":317312613,"lines":["DART"]},"geometry":{"type":"LineString","coordinates":[[-6.21174,53.32095],[-6.2042,53.31591]]}},{"type":"Feature","properties":{"osm_way_id":317312614,"lines":["DART"]},"geometry":{"type":"LineString","coordinates":[[-6.2042,53.31591],[-6.19518,53.31],[-6.19141,53.30803],[-6.17854,53.30281],[-6.17496,53.30168],[-6.17132,53.30078]]}},{"type":"Feature","properties":{"osm_way_id":317600170,"lines":["DART"]},"geometry":{"type":"LineString","coordinates":[[-6.15725,53.39037],[-6.1575,53.39016]]}},{"type":"Feature","properties":{"osm_way_id":317619316,"lines":["Kildare"]},"geometry":{"type":"LineString","coordinates":[[-6.32458,53.34168],[-6.32447,53.34171]]}},{"type":"Feature","properties":{"osm_way_id":317619317,"lines":["Kildare"]},"geometry":{"type":"LineString","coordinates":[[-6.34742,53.3372],[-6.33666,53.33929]]}},{"type":"Feature","properties":{"osm_way_id":317619318,"lines":["Kildare"]},"geometry":{"type":"LineString","coordinates":[[-6.35417,53.33596],[-6.34742,53.3372]]}},{"type":"Feature","properties":{"osm_way_id":317675354,"lines":["DART"]},"geometry":{"type":"LineString","coordinates":[[-6.20089,53.37447],[-6.20401,53.3731],[-6.20742,53.37199]]}},{"type":"Feature","properties":{"osm_way_id":318765004,"lines":["Kildare"]},"geometry":{"type":"LineString","coordinates":[[-6.30404,53.3484],[-6.304,53.35003],[-6.30334,53.35095],[-6.30178,53.35183],[-6.29886,53.3528]]}},{"type":"Feature","properties":{"osm_way_id":318765007,"lines":["Kildare"]},"geometry":{"type":"LineString","coordinates":[[-6.29836,53.353],[-6.29745,53.35353],[-6.29687,53.35414],[-6.2937,53.35983]]}},{"type":"Feature","properties":{"osm_way_id":318765008,"lines":["Maynooth"]},"geometry":{"type":"LineString","coordinates":[[-6.29987,53.37285],[-6.29833,53.37255]]}},{"type":"Feature","properties":{"osm_way_id":318974253,"lines":["Maynooth"]},"geometry":{"type":"LineString","coordinates":[[-6.43821,53.38417],[-6.43529,53.38465],[-6.43219,53.38468]]}},{"type":"Feature","properties":{"osm_way_id":321377588,"lines":["DART"]},"geometry":{"type":"LineString","coordinates":[[-6.11515,53.23208],[-6.11509,53.23193]]}},{"type":"Feature","properties":{"osm_way_id":321377589,"lines":["DART"]},"geometry":{"type":"LineString","coordinates":[[-6.11509,53.23193],[-6.10811,53.21545],[-6.10705,53.21402],[-6.10487,53.21183],[-6.10396,53.21053]]}},{"type":"Feature","properties":{"osm_way_id":321447884,"lines":["DART"]},"geometry":{"type":"LineString","coordinates":[[-6.11686,53.24431],[-6.11719,53.24288],[-6.11723,53.23781],[-6.11681,53.23607],[-6.11515,53.23208]]}},{"type":"Feature","properties":{"osm_way_id":321447886,"lines":["DART"]},"geometry":{"type":"LineString","coordinates":[[-6.11682,53.24438],[-6.11686,53.24431]]}},{"type":"Feature","properties":{"osm_way_id":321447887,"lines":["DART"]},"geometry":{"type":"LineString","coordinates":[[-6.11609,53.2457],[-6.11682,53.24438]]}},{"type":"Feature","properties":{"osm_way_id":321447888,"lines":["DART"]},"geometry":{"type":"LineString","coordinates":[[-6.116,53.24583],[-6.11609,53.2457]]}},{"type":"Feature","properties":{"osm_way_id":321447891,"lines":["DART"]},"geometry":{"type":"LineString","coordinates":[[-6.11345,53.25161],[-6.11346,53.25154]]}},{"type":"Feature","properties":{"osm_way_id":321447892,"lines":["DART"]},"geometry":{"type":"LineString","coordinates":[[-6.11346,53.25154],[-6.11407,53.24851],[-6.116,53.24583]]}},{"type":"Feature","properties":{"osm_way_id":323950209,"lines":["DART"]},"geometry":{"type":"LineString","coordinates":[[-6.11287,53.25748],[-6.11295,53.2563]]}},{"type":"Feature","properties":{"osm_way_id":323950210,"lines":["DART"]},"geometry":{"type":"LineString","coordinates":[[-6.11285,53.25757],[-6.11287,53.25748]]}},{"type":"Feature","properties":{"osm_way_id":323951833,"lines":["DART"]},"geometry":{"type":"LineString","coordinates":[[-6.10863,53.26393],[-6.10878,53.26373]]}},{"type":"Feature","properties":{"osm_way_id":323951834,"lines":["DART"]},"geometry":{"type":"LineString","coordinates":[[-6.10878,53.26373],[-6.11193,53.26023],[-6.11285,53.25757]]}},{"type":"Feature","properties":{"osm_way_id":323951836,"lines":["DART"]},"geometry":{"type":"LineString","coordinates":[[-6.09676,53.27056],[-6.09777,53.2697],[-6.0994,53.26899]]}},{"type":"Feature","properties":{"osm_way_id":323951837,"lines":["DART"]},"geometry":{"type":"LineString","coordinates":[[-6.09644,53.27182],[-6.0964,53.27116],[-6.09676,53.27056]]}},{"type":"Feature","properties":{"osm_way_id":323954717,"lines":["DART"]},"geometry":{"type":"LineString","coordinates":[[-6.11109,53.27762],[-6.10104,53.27512]]}},{"type":"Feature","properties":{"osm_way_id":323954718,"lines":["DART"]},"geometry":{"type":"LineString","coordinates":[[-6.11137,53.27771],[-6.11109,53.27762]]}},{"type":"Feature","properties":{"osm_way_id":326195598,"lines":["Northern"]},"geometry":{"type":"LineString","coordinates":[[-6.15398,53.46863],[-6.1528,53.47666]]}},{"type":"Feature","properties":{"osm_way_id":327500206,"lines":["Northern"]},"geometry":{"type":"LineString","coordinates":[[-6.1491,53.50171],[-6.14931,53.50028]]}},{"type":"Feature","properties":{"osm_way_id":329440360,"lines":["DART","Northern"]},"geometry":{"type":"LineString","coordinates":[[-6.24941,53.34354],[-6.24981,53.34365]]}},{"type":"Feature","properties":{"osm_way_id":331390282,"lines":["Kildare"]},"geometry":{"type":"LineString","coordinates":[[-6.33527,53.33957],[-6.32776,53.34107]]}},{"type":"Feature","properties":{"osm_way_id":334005046,"lines":["DART","Northern"]},"geometry":{"type":"LineString","coordinates":[[-6.16731,53.38414],[-6.16707,53.38423]]}},{"type":"Feature","properties":{"osm_way_id":334005049,"lines":["DART","Northern"]},"geometry":{"type":"LineString","coordinates":[[-6.16067,53.38789],[-6.15754,53.39018]]}},{"type":"Feature","properties":{"osm_way_id":334580915,"lines":["Northern"]},"geometry":{"type":"LineString","coordinates":[[-6.15176,53.39525],[-6.1503,53.39796]]}},{"type":"Feature","properties":{"osm_way_id":334819738,"lines":["Northern"]},"geometry":{"type":"LineString","coordinates":[[-6.14901,53.40677],[-6.14903,53.40687]]}},{"type":"Feature","properties":{"osm_way_id":335535489,"lines":["Northern"]},"geometry":{"type":"LineString","coordinates":[[-6.33755,53.71839],[-6.33762,53.71985]]}},{"type":"Feature","properties":{"osm_way_id":335535492,"lines":["Northern"]},"geometry":{"type":"LineString","coordinates":[[-6.33748,53.71442],[-6.33755,53.71833]]}},{"type":"Feature","properties":{"osm_way_id":338390211,"lines":["DART"]},"geometry":{"type":"LineString","coordinates":[[-6.23044,53.33509],[-6.23084,53.33538]]}},{"type":"Feature","properties":{"osm_way_id":338390212,"lines":["DART"]},"geometry":{"type":"LineString","coordinates":[[-6.23078,53.3354],[-6.23039,53.33512]]}},{"type":"Feature","properties":{"osm_way_id":338418584,"lines":["DART","Northern"]},"geometry":{"type":"LineString","coordinates":[[-6.24446,53.35424],[-6.2431,53.35496]]}},{"type":"Feature","properties":{"osm_way_id":338419538,"lines":["Kildare","Maynooth"]},"geometry":{"type":"LineString","coordinates":[[-6.27484,53.36563],[-6.27183,53.36498],[-6.26768,53.36484]]}},{"type":"Feature","properties":{"osm_way_id":338488723,"lines":["DART"]},"geometry":{"type":"LineString","coordinates":[[-6.14956,53.40959],[-6.14898,53.40688]]}},{"type":"Feature","properties":{"osm_way_id":338488724,"lines":["DART"]},"geometry":{"type":"LineString","coordinates":[[-6.1496,53.40978],[-6.14956,53.40959]]}},{"type":"Feature","properties":{"osm_way_id":338488725,"lines":["DART"]},"geometry":{"type":"LineString","coordinates":[[-6.15185,53.4203],[-6.1496,53.40978]]}},{"type":"Feature","properties":{"osm_way_id":338488726,"lines":["DART"]},"geometry":{"type":"LineString","coordinates":[[-6.1519,53.42051],[-6.15185,53.4203]]}},{"type":"Feature","properties":{"osm_way_id":338488727,"lines":["DART"]},"geometry":{"type":"LineString","coordinates":[[-6.15285,53.42498],[-6.15282,53.42485]]}},{"type":"Feature","properties":{"osm_way_id":338488728,"lines":["DART"]},"geometry":{"type":"LineString","coordinates":[[-6.15282,53.42485],[-6.1519,53.42051]]}},{"type":"Feature","properties":{"osm_way_id":338489376,"lines":["DART"]},"geometry":{"type":"LineString","coordinates":[[-6.15358,53.42841],[-6.15355,53.42825]]}},{"type":"Feature","properties":{"osm_way_id":338489377,"lines":["DART"]},"geometry":{"type":"LineString","coordinates":[[-6.15355,53.42825],[-6.15285,53.42498]]}},{"type":"Feature","properties":{"osm_way_id":338489378,"lines":["DART"]},"geometry":{"type":"LineString","coordinates":[[-6.1541,53.43081],[-6.15407,53.43067]]}},{"type":"Feature","properties":{"osm_way_id":338489379,"lines":["DART"]},"geometry":{"type":"LineString","coordinates":[[-6.15407,53.43067],[-6.15358,53.42841]]}},{"type":"Feature","properties":{"osm_way_id":338491165,"lines":["DART"]},"geometry":{"type":"LineString","coordinates":[[-6.15635,53.45217],[-6.15665,53.45007]]}},{"type":"Feature","properties":{"osm_way_id":338675972,"lines":["Maynooth"]},"geometry":{"type":"LineString","coordinates":[[-6.37021,53.38168],[-6.36378,53.38237]]}},{"type":"Feature","properties":{"osm_way_id":339548736,"lines":["Northern"]},"geometry":{"type":"LineString","coordinates":[[-6.14883,53.40574],[-6.14901,53.40677]]}},{"type":"Feature","properties":{"osm_way_id":339548737,"lines":["DART"]},"geometry":{"type":"LineString","coordinates":[[-6.14877,53.40574],[-6.14879,53.40331],[-6.14962,53.40013]]}},{"type":"Feature","properties":{"osm_way_id":339548738,"lines":["DART"]},"geometry":{"type":"LineString","coordinates":[[-6.14962,53.40013],[-6.15036,53.39764],[-6.15128,53.39586],[-6.15263,53.39413],[-6.15433,53.39253]]}},{"type":"Feature","properties":{"osm_way_id":339548739,"lines":["Northern"]},"geometry":{"type":"LineString","coordinates":[[-6.14969,53.40003],[-6.14884,53.40335],[-6.14883,53.40574]]}},{"type":"Feature","properties":{"osm_way_id":340514361,"lines":["DART","Northern"]},"geometry":{"type":"LineString","coordinates":[[-6.25424,53.34945],[-6.25395,53.34976]]}},{"type":"Feature","properties":{"osm_way_id":340514364,"lines":["DART","Kildare","Maynooth"]},"geometry":{"type":"LineString","coordinates":[[-6.25414,53.34947],[-6.25437,53.34912]]}},{"type":"Feature","properties":{"osm_way_id":340514367,"lines":["DART","Kildare","Maynooth"]},"geometry":{"type":"LineString","coordinates":[[-6.25437,53.34912],[-6.25462,53.34841]]}},{"type":"Feature","properties":{"osm_way_id":340514370,"lines":["DART","Northern"]},"geometry":{"type":"LineString","coordinates":[[-6.25448,53.34908],[-6.25424,53.34945]]}},{"type":"Feature","properties":{"osm_way_id":340514372,"lines":["DART","Northern"]},"geometry":{"type":"LineString","coordinates":[[-6.25468,53.34842],[-6.25448,53.34908]]}},{"type":"Feature","properties":{"osm_way_id":340514375,"lines":["DART","Kildare","Maynooth"]},"geometry":{"type":"LineString","coordinates":[[-6.25462,53.34841],[-6.25461,53.34817]]}},{"type":"Feature","properties":{"osm_way_id":340514377,"lines":["DART","Kildare","Maynooth"]},"geometry":{"type":"LineString","coordinates":[[-6.25461,53.34817],[-6.25452,53.34766]]}},{"type":"Feature","properties":{"osm_way_id":340514380,"lines":["DART","Northern"]},"geometry":{"type":"LineString","coordinates":[[-6.25468,53.34816],[-6.25468,53.34842]]}},{"type":"Feature","properties":{"osm_way_id":344899196,"lines":["Kildare"]},"geometry":{"type":"LineString","coordinates":[[-6.9066,53.16312],[-6.91207,53.16224]]}},{"type":"Feature","properties":{"osm_way_id":344899199,"lines":["Kildare"]},"geometry":{"type":"LineString","coordinates":[[-6.91405,53.16192],[-6.9408,53.15755]]}},{"type":"Feature","properties":{"osm_way_id":345061297,"lines":["DART"]},"geometry":{"type":"LineString","coordinates":[[-6.11727,53.39203],[-6.09561,53.39141]]}},{"type":"Feature","properties":{"osm_way_id":345684204,"lines":["Kildare"]},"geometry":{"type":"LineString","coordinates":[[-6.34521,53.3376],[-6.34938,53.33678]]}},{"type":"Feature","properties":{"osm_way_id":345733270,"lines":["Maynooth"]},"geometry":{"type":"LineString","coordinates":[[-6.37915,53.38042],[-6.3741,53.38125]]}},{"type":"Feature","properties":{"osm_way_id":345742921,"lines":["Maynooth"]},"geometry":{"type":"LineString","coordinates":[[-6.35896,53.38216],[-6.35698,53.38172]]}},{"type":"Feature","properties":{"osm_way_id":346367515,"lines":["Maynooth"]},"geometry":{"type":"LineString","coordinates":[[-6.34555,53.37763],[-6.34525,53.37749]]}},{"type":"Feature","properties":{"osm_way_id":346367516,"lines":["Maynooth"]},"geometry":{"type":"LineString","coordinates":[[-6.35698,53.38172],[-6.3517,53.38032],[-6.34714,53.37836]]}},{"type":"Feature","properties":{"osm_way_id":346368062,"lines":["Maynooth"]},"geometry":{"type":"LineString","coordinates":[[-6.33361,53.37533],[-6.33242,53.3754]]}},{"type":"Feature","properties":{"osm_way_id":34886350,"lines":["DART","Kildare"]},"geometry":{"type":"LineString","coordinates":[[-6.24152,53.34131],[-6.24137,53.34125]]}},{"type":"Feature","properties":{"osm_way_id":34886352,"lines":["Kildare"]},"geometry":{"type":"LineString","coordinates":[[-6.23942,53.34037],[-6.24017,53.34071]]}},{"type":"Feature","properties":{"osm_way_id":349890618,"lines":["DART","Northern"]},"geometry":{"type":"LineString","coordinates":[[-6.25175,53.35109],[-6.25111,53.35142]]}},{"type":"Feature","properties":{"osm_way_id":349890619,"lines":["DART","Kildare","Maynooth"]},"geometry":{"type":"LineString","coordinates":[[-6.24522,53.35376],[-6.2443,53.35428]]}},{"type":"Feature","properties":{"osm_way_id":349890620,"lines":["DART","Northern"]},"geometry":{"type":"LineString","coordinates":[[-6.24527,53.3538],[-6.24446,53.35424]]}},{"type":"Feature","properties":{"osm_way_id":349890622,"lines":["DART","Kildare","Maynooth"]},"geometry":{"type":"LineString","coordinates":[[-6.24852,53.35247],[-6.24896,53.35233]]}},{"type":"Feature","properties":{"osm_way_id":349890623,"lines":["DART","Kildare"]},"geometry":{"type":"LineString","coordinates":[[-6.24847,53.34336],[-6.24827,53.34332]]}},{"type":"Feature","properties":{"osm_way_id":349890625,"lines":["DART","Northern"]},"geometry":{"type":"LineString","coordinates":[[-6.24829,53.34328],[-6.2485,53.34333]]}},{"type":"Feature","properties":{"osm_way_id":349890626,"lines":["DART","Northern"]},"geometry":{"type":"LineString","coordinates":[[-6.2485,53.34333],[-6.24941,53.34354]]}},{"type":"Feature","properties":{"osm_way_id":349890627,"lines":["DART","Northern"]},"geometry":{"type":"LineString","coordinates":[[-6.25313,53.34597],[-6.2539,53.34661]]}},{"type":"Feature","properties":{"osm_way_id":349890628,"lines":["DART","Northern"]},"geometry":{"type":"LineString","coordinates":[[-6.25289,53.34577],[-6.25313,53.34597]]}},{"type":"Feature","properties":{"osm_way_id":349909077,"lines":["Northern"]},"geometry":{"type":"LineString","coordinates":[[-6.15679,53.44322],[-6.15707,53.44456]]}},{"type":"Feature","properties":{"osm_way_id":349909078,"lines":["Northern"]},"geometry":{"type":"LineString","coordinates":[[-6.15707,53.44456],[-6.15717,53.44701]]}},{"type":"Feature","properties":{"osm_way_id":349909079,"lines":["Northern"]},"geometry":{"type":"LineString","coordinates":[[-6.15684,53.44924],[-6.15669,53.45018]]}},{"type":"Feature","properties":{"osm_way_id":352859880,"lines":["DART"]},"geometry":{"type":"LineString","coordinates":[[-6.13442,53.29483],[-6.13399,53.29462]]}},{"type":"Feature","properties":{"osm_way_id":352859881,"lines":["DART"]},"geometry":{"type":"LineString","coordinates":[[-6.13465,53.29494],[-6.13442,53.29483]]}},{"type":"Feature","properties":{"osm_way_id":353638516,"lines":["DART","Northern"]},"geometry":{"type":"LineString","coordinates":[[-6.25395,53.34976],[-6.25371,53.34998]]}},{"type":"Feature","properties":{"osm_way_id":353638517,"lines":["DART","Kildare","Maynooth"]},"geometry":{"type":"LineString","coordinates":[[-6.25391,53.34973],[-6.25414,53.34947]]}},{"type":"Feature","properties":{"osm_way_id":353638518,"lines":["DART","Kildare","Maynooth"]},"geometry":{"type":"LineString","coordinates":[[-6.25369,53.34994],[-6.25391,53.34973]]}},{"type":"Feature","properties":{"osm_way_id":353638519,"lines":["DART","Northern"]},"geometry":{"type":"LineString","coordinates":[[-6.25371,53.34998],[-6.25355,53.3501]]}},{"type":"Feature","properties":{"osm_way_id":353638520,"lines":["DART","Kildare","Maynooth"]},"geometry":{"type":"LineString","coordinates":[[-6.25344,53.35012],[-6.25369,53.34994]]}},{"type":"Feature","properties":{"osm_way_id":353638521,"lines":["DART","Northern"]},"geometry":{"type":"LineString","coordinates":[[-6.25355,53.3501],[-6.25332,53.35024]]}},{"type":"Feature","properties":{"osm_way_id":353638522,"lines":["DART","Northern"]},"geometry":{"type":"LineString","coordinates":[[-6.25323,53.35029],[-6.25289,53.35049]]}},{"type":"Feature","properties":{"osm_way_id":353638523,"lines":["DART","Kildare","Maynooth"]},"geometry":{"type":"LineString","coordinates":[[-6.2532,53.35026],[-6.25329,53.35021]]}},{"type":"Feature","properties":{"osm_way_id":353638524,"lines":["DART","Northern"]},"geometry":{"type":"LineString","coordinates":[[-6.25332,53.35024],[-6.25323,53.35029]]}},{"type":"Feature","properties":{"osm_way_id":353638525,"lines":["DART","Kildare","Maynooth"]},"geometry":{"type":"LineString","coordinates":[[-6.25329,53.35021],[-6.25344,53.35012]]}},{"type":"Feature","properties":{"osm_way_id":354357187,"lines":["DART","Northern"]},"geometry":{"type":"LineString","coordinates":[[-6.25289,53.35049],[-6.25275,53.35057]]}},{"type":"Feature","properties":{"osm_way_id":354357188,"lines":["DART","Kildare","Maynooth"]},"geometry":{"type":"LineString","coordinates":[[-6.25286,53.35045],[-6.2532,53.35026]]}},{"type":"Feature","properties":{"osm_way_id":354357189,"lines":["DART","Northern"]},"geometry":{"type":"LineString","coordinates":[[-6.25275,53.35057],[-6.25175,53.35109]]}},{"type":"Feature","properties":{"osm_way_id":354357190,"lines":["DART","Kildare","Maynooth"]},"geometry":{"type":"LineString","coordinates":[[-6.25272,53.35053],[-6.25286,53.35045]]}},{"type":"Feature","properties":{"osm_way_id":354357192,"lines":["DART","Kildare","Maynooth"]},"geometry":{"type":"LineString","coordinates":[[-6.2516,53.35112],[-6.25272,53.35053]]}},{"type":"Feature","properties":{"osm_way_id":354357193,"lines":["DART","Northern"]},"geometry":{"type":"LineString","coordinates":[[-6.25091,53.35152],[-6.25,53.35199]]}},{"type":"Feature","properties":{"osm_way_id":354357195,"lines":["DART","Kildare","Maynooth"]},"geometry":{"type":"LineString","coordinates":[[-6.25106,53.3514],[-6.2516,53.35112]]}},{"type":"Feature","properties":{"osm_way_id":354358285,"lines":["DART","Kildare","Maynooth"]},"geometry":{"type":"LineString","coordinates":[[-6.25036,53.35177],[-6.25106,53.3514]]}},{"type":"Feature","properties":{"osm_way_id":354358287,"lines":["DART","Northern"]},"geometry":{"type":"LineString","coordinates":[[-6.25,53.35199],[-6.24909,53.35233]]}},{"type":"Feature","properties":{"osm_way_id":358049200,"lines":["DART","Northern"]},"geometry":{"type":"LineString","coordinates":[[-6.23644,53.35824],[-6.23571,53.35862]]}},{"type":"Feature","properties":{"osm_way_id":358049202,"lines":["DART","Northern"]},"geometry":{"type":"LineString","coordinates":[[-6.24013,53.35634],[-6.24019,53.3563]]}},{"type":"Feature","properties":{"osm_way_id":359947282,"lines":["Kildare"]},"geometry":{"type":"LineString","coordinates":[[-6.29562,53.34627],[-6.29874,53.34608]]}},{"type":"Feature","properties":{"osm_way_id":359947283,"lines":["Kildare"]},"geometry":{"type":"LineString","coordinates":[[-6.29874,53.34608],[-6.29971,53.34602]]}},{"type":"Feature","properties":{"osm_way_id":360460529,"lines":["DART","Northern"]},"geometry":{"type":"LineString","coordinates":[[-6.18172,53.38068],[-6.17899,53.38114]]}},{"type":"Feature","properties":{"osm_way_id":360460530,"lines":["DART","Northern"]},"geometry":{"type":"LineString","coordinates":[[-6.18836,53.37951],[-6.18172,53.38068]]}},{"type":"Feature","properties":{"osm_way_id":361462318,"lines":["Maynooth"]},"geometry":{"type":"LineString","coordinates":[[-6.29491,53.37181],[-6.29318,53.37142]]}},{"type":"Feature","properties":{"osm_way_id":363434608,"lines":["Kildare","Maynooth"]},"geometry":{"type":"LineString","coordinates":[[-6.24146,53.35942],[-6.24111,53.35897]]}},{"type":"Feature","properties":{"osm_way_id":363434610,"lines":["Kildare","Maynooth"]},"geometry":{"type":"LineString","coordinates":[[-6.2416,53.35956],[-6.24146,53.35942]]}},{"type":"Feature","properties":{"osm_way_id":363434613,"lines":["Kildare","Maynooth"]},"geometry":{"type":"LineString","coordinates":[[-6.24193,53.35986],[-6.24181,53.35976]]}},{"type":"Feature","properties":{"osm_way_id":363434614,"lines":["Kildare","Maynooth"]},"geometry":{"type":"LineString","coordinates":[[-6.24181,53.35976],[-6.2416,53.35956]]}},{"type":"Feature","properties":{"osm_way_id":364686920,"lines":["Northern"]},"geometry":{"type":"LineString","coordinates":[[-6.16319,53.5982],[-6.1664,53.60156],[-6.16887,53.60349]]}},{"type":"Feature","properties":{"osm_way_id":364686921,"lines":["Northern"]},"geometry":{"type":"LineString","coordinates":[[-6.17282,53.60593],[-6.17982,53.61024]]}},{"type":"Feature","properties":{"osm_way_id":365372529,"lines":["Northern"]},"geometry":{"type":"LineString","coordinates":[[-6.15669,53.45018],[-6.15662,53.45069]]}},{"type":"Feature","properties":{"osm_way_id":365372530,"lines":["Northern"]},"geometry":{"type":"LineString","coordinates":[[-6.15717,53.44701],[-6.15684,53.44924]]}},{"type":"Feature","properties":{"osm_way_id":366003376,"lines":["Northern"]},"geometry":{"type":"LineString","coordinates":[[-6.15279,53.47675],[-6.15099,53.48895]]}},{"type":"Feature","properties":{"osm_way_id":367383609,"lines":["DART","Northern"]},"geometry":{"type":"LineString","coordinates":[[-6.25235,53.34531],[-6.25289,53.34577]]}},{"type":"Feature","properties":{"osm_way_id":367383610,"lines":["DART","Northern"]},"geometry":{"type":"LineString","coordinates":[[-6.25212,53.34509],[-6.25235,53.34531]]}},{"type":"Feature","properties":{"osm_way_id":368141940,"lines":["Northern"]},"geometry":{"type":"LineString","coordinates":[[-6.15635,53.45261],[-6.15639,53.45226]]}},{"type":"Feature","properties":{"osm_way_id":368141941,"lines":["Northern"]},"geometry":{"type":"LineString","coordinates":[[-6.15479,53.43383],[-6.15668,53.44273]]}},{"type":"Feature","properties":{"osm_way_id":368145625,"lines":["Northern"]},"geometry":{"type":"LineString","coordinates":[[-6.14903,53.40687],[-6.14962,53.40959]]}},{"type":"Feature","properties":{"osm_way_id":368286520,"lines":["Northern"]},"geometry":{"type":"LineString","coordinates":[[-6.1515,53.41831],[-6.15192,53.42034]]}},{"type":"Feature","properties":{"osm_way_id":368293253,"lines":["Northern"]},"geometry":{"type":"LineString","coordinates":[[-6.15668,53.44273],[-6.15679,53.44322]]}},{"type":"Feature","properties":{"osm_way_id":368505014,"lines":["DART"]},"geometry":{"type":"LineString","coordinates":[[-6.21464,53.32307],[-6.21174,53.32095]]}},{"type":"Feature","properties":{"osm_way_id":370154362,"lines":["DART"]},"geometry":{"type":"LineString","coordinates":[[-6.22781,53.33307],[-6.22793,53.33316]]}},{"type":"Feature","properties":{"osm_way_id":370180280,"lines":["DART","Kildare","Maynooth"]},"geometry":{"type":"LineString","coordinates":[[-6.24309,53.35491],[-6.2443,53.35428]]}},{"type":"Feature","properties":{"osm_way_id":370185666,"lines":["Kildare"]},"geometry":{"type":"LineString","coordinates":[[-6.28657,53.36875],[-6.28603,53.36885]]}},{"type":"Feature","properties":{"osm_way_id":370197357,"lines":["DART","Kildare","Maynooth"]},"geometry":{"type":"LineString","coordinates":[[-6.24575,53.35353],[-6.24852,53.35247]]}},{"type":"Feature","properties":{"osm_way_id":370197358,"lines":["DART","Kildare","Maynooth"]},"geometry":{"type":"LineString","coordinates":[[-6.25393,53.34669],[-6.25309,53.34599]]}},{"type":"Feature","properties":{"osm_way_id":370197360,"lines":["DART","Kildare","Maynooth"]},"geometry":{"type":"LineString","coordinates":[[-6.24978,53.34368],[-6.24939,53.34357]]}},{"type":"Feature","properties":{"osm_way_id":370197362,"lines":["DART","Northern"]},"geometry":{"type":"LineString","coordinates":[[-6.24981,53.34365],[-6.25137,53.34443]]}},{"type":"Feature","properties":{"osm_way_id":370197363,"lines":["DART","Kildare","Maynooth"]},"geometry":{"type":"LineString","coordinates":[[-6.25124,53.34439],[-6.24978,53.34368]]}},{"type":"Feature","properties":{"osm_way_id":370197364,"lines":["DART","Kildare","Maynooth"]},"geometry":{"type":"LineString","coordinates":[[-6.25161,53.3447],[-6.25124,53.34439]]}},{"type":"Feature","properties":{"osm_way_id":370197365,"lines":["DART","Northern"]},"geometry":{"type":"LineString","coordinates":[[-6.25171,53.34473],[-6.25212,53.34509]]}},{"type":"Feature","properties":{"osm_way_id":370197366,"lines":["DART","Northern"]},"geometry":{"type":"LineString","coordinates":[[-6.25137,53.34443],[-6.25171,53.34473]]}},{"type":"Feature","properties":{"osm_way_id":370200875,"lines":["DART","Kildare"]},"geometry":{"type":"LineString","coordinates":[[-6.24662,53.34294],[-6.24645,53.3429]]}},{"type":"Feature","properties":{"osm_way_id":370200876,"lines":["DART","Northern"]},"geometry":{"type":"LineString","coordinates":[[-6.24665,53.34292],[-6.24829,53.34328]]}},{"type":"Feature","properties":{"osm_way_id":370200878,"lines":["DART","Northern"]},"geometry":{"type":"LineString","coordinates":[[-6.2546,53.34767],[-6.25468,53.34816]]}},{"type":"Feature","properties":{"osm_way_id":370204587,"lines":["DART"]},"geometry":{"type":"LineString","coordinates":[[-6.09933,53.20239],[-6.09916,53.20205]]}},{"type":"Feature","properties":{"osm_way_id":370204588,"lines":["DART"]},"geometry":{"type":"LineString","coordinates":[[-6.09933,53.20239],[-6.09911,53.20205]]}},{"type":"Feature","properties":{"osm_way_id":370204589,"lines":["DART"]},"geometry":{"type":"LineString","coordinates":[[-6.09958,53.2028],[-6.09933,53.20239]]}},{"type":"Feature","properties":{"osm_way_id":370273352,"lines":["DART","Northern"]},"geometry":{"type":"LineString","coordinates":[[-6.25413,53.34684],[-6.25446,53.34736]]}},{"type":"Feature","properties":{"osm_way_id":370273353,"lines":["DART","Northern"]},"geometry":{"type":"LineString","coordinates":[[-6.2539,53.34661],[-6.25413,53.34684]]}},{"type":"Feature","properties":{"osm_way_id":370960888,"lines":["Kildare"]},"geometry":{"type":"LineString","coordinates":[[-6.29019,53.36621],[-6.28959,53.36724],[-6.28882,53.36794],[-6.28773,53.36846],[-6.28657,53.36875]]}},{"type":"Feature","properties":{"osm_way_id":370960889,"lines":["Kildare"]},"geometry":{"type":"LineString","coordinates":[[-6.2937,53.35983],[-6.29285,53.36137]]}},{"type":"Feature","properties":{"osm_way_id":370960891,"lines":["Kildare"]},"geometry":{"type":"LineString","coordinates":[[-6.29285,53.36137],[-6.29019,53.36621]]}},{"type":"Feature","properties":{"osm_way_id":371449963,"lines":["DART","Northern"]},"geometry":{"type":"LineString","coordinates":[[-6.2425,53.35526],[-6.24207,53.35549]]}},{"type":"Feature","properties":{"osm_way_id":371812715,"lines":["Northern"]},"geometry":{"type":"LineString","coordinates":[[-6.16887,53.60349],[-6.17282,53.60593]]}},{"type":"Feature","properties":{"osm_way_id":371901696,"lines":["Northern"]},"geometry":{"type":"LineString","coordinates":[[-6.15438,53.39254],[-6.15176,53.39525]]}},{"type":"Feature","properties":{"osm_way_id":371901697,"lines":["DART"]},"geometry":{"type":"LineString","coordinates":[[-6.15433,53.39253],[-6.15668,53.39078],[-6.15725,53.39037]]}},{"type":"Feature","properties":{"osm_way_id":371909347,"lines":["DART"]},"geometry":{"type":"LineString","coordinates":[[-6.15674,53.44323],[-6.1541,53.43081]]}},{"type":"Feature","properties":{"osm_way_id":371909349,"lines":["DART"]},"geometry":{"type":"LineString","coordinates":[[-6.15711,53.447],[-6.15715,53.44552],[-6.15674,53.44323]]}},{"type":"Feature","properties":{"osm_way_id":371909352,"lines":["DART"]},"geometry":{"type":"LineString","coordinates":[[-6.15665,53.45007],[-6.15711,53.447]]}},{"type":"Feature","properties":{"osm_way_id":371912604,"lines":["Northern"]},"geometry":{"type":"LineString","coordinates":[[-6.23045,53.65976],[-6.23057,53.65994]]}},{"type":"Feature","properties":{"osm_way_id":371912605,"lines":["Northern"]},"geometry":{"type":"LineString","coordinates":[[-6.23057,53.65994],[-6.23298,53.6639]]}},{"type":"Feature","properties":{"osm_way_id":371912610,"lines":["Northern"]},"geometry":{"type":"LineString","coordinates":[[-6.23308,53.66406],[-6.23687,53.67024]]}},{"type":"Feature","properties":{"osm_way_id":371912611,"lines":["Northern"]},"geometry":{"type":"LineString","coordinates":[[-6.23298,53.6639],[-6.23308,53.66406]]}},{"type":"Feature","properties":{"osm_way_id":372189751,"lines":["DART"]},"geometry":{"type":"LineString","coordinates":[[-6.11295,53.2563],[-6.11345,53.25161]]}},{"type":"Feature","properties":{"osm_way_id":372189763,"lines":["DART"]},"geometry":{"type":"LineString","coordinates":[[-6.10104,53.27512],[-6.09962,53.27463],[-6.09812,53.27383],[-6.09698,53.27286],[-6.09644,53.27182]]}},{"type":"Feature","properties":{"osm_way_id":372189764,"lines":["DART"]},"geometry":{"type":"LineString","coordinates":[[-6.10105,53.27509],[-6.11111,53.2776]]}},{"type":"Feature","properties":{"osm_way_id":372342634,"lines":["DART"]},"geometry":{"type":"LineString","coordinates":[[-6.06209,53.14531],[-6.06283,53.14589]]}},{"type":"Feature","properties":{"osm_way_id":372345762,"lines":["DART"]},"geometry":{"type":"LineString","coordinates":[[-6.12765,53.28541],[-6.12733,53.28364],[-6.12654,53.28274],[-6.12549,53.28207],[-6.11137,53.27771]]}},{"type":"Feature","properties":{"osm_way_id":372345763,"lines":["DART"]},"geometry":{"type":"LineString","coordinates":[[-6.0994,53.26899],[-6.10565,53.26676],[-6.1071,53.26594]]}},{"type":"Feature","properties":{"osm_way_id":372345764,"lines":["DART"]},"geometry":{"type":"LineString","coordinates":[[-6.09943,53.26902],[-6.09758,53.26986],[-6.09682,53.27057]]}},{"type":"Feature","properties":{"osm_way_id":372345765,"lines":["DART"]},"geometry":{"type":"LineString","coordinates":[[-6.1277,53.28541],[-6.12765,53.28689],[-6.12707,53.28822]]}},{"type":"Feature","properties":{"osm_way_id":372480748,"lines":["Northern"]},"geometry":{"type":"LineString","coordinates":[[-6.32982,53.71156],[-6.33372,53.71153]]}},{"type":"Feature","properties":{"osm_way_id":372480758,"lines":["Northern"]},"geometry":{"type":"LineString","coordinates":[[-6.33682,53.71266],[-6.33744,53.71365]]}},{"type":"Feature","properties":{"osm_way_id":372480765,"lines":["Northern"]},"geometry":{"type":"LineString","coordinates":[[-6.33761,53.73227],[-6.33755,53.73246]]}},{"type":"Feature","properties":{"osm_way_id":372480767,"lines":["Northern"]},"geometry":{"type":"LineString","coordinates":[[-6.33755,53.73246],[-6.32784,53.75854],[-6.32224,53.77103],[-6.32175,53.7736],[-6.32186,53.77956]]}},{"type":"Feature","properties":{"osm_way_id":372701526,"lines":["DART"]},"geometry":{"type":"LineString","coordinates":[[-6.22082,53.32778],[-6.21464,53.32307]]}},{"type":"Feature","properties":{"osm_way_id":372701529,"lines":["DART"]},"geometry":{"type":"LineString","coordinates":[[-6.23447,53.33792],[-6.23661,53.33905]]}},{"type":"Feature","properties":{"osm_way_id":372703337,"lines":["DART"]},"geometry":{"type":"LineString","coordinates":[[-6.23112,53.36095],[-6.2351,53.35889]]}},{"type":"Feature","properties":{"osm_way_id":372736082,"lines":["DART"]},"geometry":{"type":"LineString","coordinates":[[-6.08443,53.39069],[-6.08007,53.39002]]}},{"type":"Feature","properties":{"osm_way_id":372736083,"lines":["DART"]},"geometry":{"type":"LineString","coordinates":[[-6.08007,53.39002],[-6.07436,53.38912]]}},{"type":"Feature","properties":{"osm_way_id":372736084,"lines":["DART"]},"geometry":{"type":"LineString","coordinates":[[-6.14974,53.39211],[-6.13363,53.39148],[-6.12691,53.39169]]}},{"type":"Feature","properties":{"osm_way_id":372832736,"lines":["DART"]},"geometry":{"type":"LineString","coordinates":[[-6.23442,53.33794],[-6.2339,53.33763]]}},{"type":"Feature","properties":{"osm_way_id":372973626,"lines":["Kildare"]},"geometry":{"type":"LineString","coordinates":[[-6.30668,53.34399],[-6.30764,53.34358]]}},{"type":"Feature","properties":{"osm_way_id":372976185,"lines":["DART"]},"geometry":{"type":"LineString","coordinates":[[-6.09738,53.19945],[-6.09785,53.20018]]}},{"type":"Feature","properties":{"osm_way_id":373031412,"lines":["DART"]},"geometry":{"type":"LineString","coordinates":[[-6.15699,53.39058],[-6.15668,53.39078],[-6.15521,53.39147],[-6.15335,53.39196],[-6.15177,53.39213],[-6.14974,53.39211]]}},{"type":"Feature","properties":{"osm_way_id":375934998,"lines":["DART"]},"geometry":{"type":"LineString","coordinates":[[-6.06078,53.14406],[-6.06209,53.14531]]}},{"type":"Feature","properties":{"osm_way_id":375954344,"lines":["Kildare"]},"geometry":{"type":"LineString","coordinates":[[-6.32985,53.34063],[-6.34521,53.3376]]}},{"type":"Feature","properties":{"osm_way_id":375954346,"lines":["Kildare"]},"geometry":{"type":"LineString","coordinates":[[-6.3619,53.33538],[-6.35417,53.33596]]}},{"type":"Feature","properties":{"osm_way_id":376086942,"lines":["Kildare"]},"geometry":{"type":"LineString","coordinates":[[-6.3113,53.34306],[-6.30829,53.34341]]}},{"type":"Feature","properties":{"osm_way_id":376086945,"lines":["Kildare"]},"geometry":{"type":"LineString","coordinates":[[-6.30764,53.34358],[-6.3077,53.34356]]}},{"type":"Feature","properties":{"osm_way_id":376086947,"lines":["Kildare"]},"geometry":{"type":"LineString","coordinates":[[-6.30641,53.34396],[-6.30667,53.34384]]}},{"type":"Feature","properties":{"osm_way_id":376089273,"lines":["DART","Northern"]},"geometry":{"type":"LineString","coordinates":[[-6.24013,53.35634],[-6.23999,53.35641]]}},{"type":"Feature","properties":{"osm_way_id":378323465,"lines":["DART"]},"geometry":{"type":"LineString","coordinates":[[-6.1958,53.37687],[-6.19969,53.37504]]}},{"type":"Feature","properties":{"osm_way_id":378323466,"lines":["DART"]},"geometry":{"type":"LineString","coordinates":[[-6.17589,53.38163],[-6.1788,53.38115]]}},{"type":"Feature","properties":{"osm_way_id":378470539,"lines":["Kildare"]},"geometry":{"type":"LineString","coordinates":[[-6.29886,53.3528],[-6.29836,53.353]]}},{"type":"Feature","properties":{"osm_way_id":378470540,"lines":["Kildare"]},"geometry":{"type":"LineString","coordinates":[[-6.28603,53.36885],[-6.28578,53.36891]]}},{"type":"Feature","properties":{"osm_way_id":378494669,"lines":["Maynooth"]},"geometry":{"type":"LineString","coordinates":[[-6.27856,53.36655],[-6.27484,53.36563]]}},{"type":"Feature","properties":{"osm_way_id":378494670,"lines":["Maynooth"]},"geometry":{"type":"LineString","coordinates":[[-6.30012,53.3729],[-6.29987,53.37285]]}},{"type":"Feature","properties":{"osm_way_id":378494674,"lines":["Maynooth"]},"geometry":{"type":"LineString","coordinates":[[-6.34714,53.37836],[-6.34555,53.37763]]}},{"type":"Feature","properties":{"osm_way_id":378494678,"lines":["Maynooth"]},"geometry":{"type":"LineString","coordinates":[[-6.38606,53.3787],[-6.38146,53.37989]]}},{"type":"Feature","properties":{"osm_way_id":378494679,"lines":["Maynooth"]},"geometry":{"type":"LineString","coordinates":[[-6.39227,53.37756],[-6.38904,53.37796],[-6.38606,53.3787]]}},{"type":"Feature","properties":{"osm_way_id":378494680,"lines":["Maynooth"]},"geometry":{"type":"LineString","coordinates":[[-6.41982,53.38206],[-6.41604,53.38121],[-6.40555,53.37946]]}},{"type":"Feature","properties":{"osm_way_id":378494684,"lines":["Maynooth"]},"geometry":{"type":"LineString","coordinates":[[-6.43014,53.38438],[-6.42909,53.38418]]}},{"type":"Feature","properties":{"osm_way_id":378494685,"lines":["Maynooth"]},"geometry":{"type":"LineString","coordinates":[[-6.42722,53.38381],[-6.42279,53.38286]]}},{"type":"Feature","properties":{"osm_way_id":379071738,"lines":["DART"]},"geometry":{"type":"LineString","coordinates":[[-6.19969,53.37504],[-6.20089,53.37447]]}},{"type":"Feature","properties":{"osm_way_id":3819250,"lines":["DART","Kildare"]},"geometry":{"type":"LineString","coordinates":[[-6.24396,53.34218],[-6.24152,53.34131]]}},{"type":"Feature","properties":{"osm_way_id":384851978,"lines":["DART"]},"geometry":{"type":"LineString","coordinates":[[-6.06567,53.14779],[-6.06283,53.14589]]}},{"type":"Feature","properties":{"osm_way_id":384851980,"lines":["DART"]},"geometry":{"type":"LineString","coordinates":[[-6.24086,53.34104],[-6.23939,53.3404]]}},{"type":"Feature","properties":{"osm_way_id":38613437,"lines":["Kildare","Maynooth"]},"geometry":{"type":"LineString","coordinates":[[-6.24658,53.36135],[-6.24637,53.36133]]}},{"type":"Feature","properties":{"osm_way_id":38613438,"lines":["Kildare","Maynooth"]},"geometry":{"type":"LineString","coordinates":[[-6.24637,53.36133],[-6.2437,53.36078]]}},{"type":"Feature","properties":{"osm_way_id":396277692,"lines":["Maynooth"]},"geometry":{"type":"LineString","coordinates":[[-6.36295,53.38242],[-6.36228,53.38243]]}},{"type":"Feature","properties":{"osm_way_id":402180469,"lines":["DART"]},"geometry":{"type":"LineString","coordinates":[[-6.23673,53.3391],[-6.23898,53.34008]]}},{"type":"Feature","properties":{"osm_way_id":405778183,"lines":["Kildare"]},"geometry":{"type":"LineString","coordinates":[[-6.66204,53.24749],[-6.65884,53.24831],[-6.6553,53.24955]]}},{"type":"Feature","properties":{"osm_way_id":405878200,"lines":["DART"]},"geometry":{"type":"LineString","coordinates":[[-6.0817,53.19258],[-6.08661,53.19501],[-6.08867,53.19547],[-6.09115,53.19567]]}},{"type":"Feature","properties":{"osm_way_id":408165292,"lines":["Kildare","Maynooth"]},"geometry":{"type":"LineString","coordinates":[[-6.26768,53.36484],[-6.26415,53.36455],[-6.26067,53.36364]]}},{"type":"Feature","properties":{"osm_way_id":408445924,"lines":["Northern"]},"geometry":{"type":"LineString","coordinates":[[-6.18535,53.61454],[-6.18542,53.6146]]}},{"type":"Feature","properties":{"osm_way_id":408445925,"lines":["Northern"]},"geometry":{"type":"LineString","coordinates":[[-6.18542,53.6146],[-6.19043,53.6197]]}},{"type":"Feature","properties":{"osm_way_id":408447487,"lines":["Northern"]},"geometry":{"type":"LineString","coordinates":[[-6.23687,53.67024],[-6.23694,53.67036]]}},{"type":"Feature","properties":{"osm_way_id":408447491,"lines":["Northern"]},"geometry":{"type":"LineString","coordinates":[[-6.23694,53.67036],[-6.24096,53.67693]]}},{"type":"Feature","properties":{"osm_way_id":410332327,"lines":["DART","Northern"]},"geometry":{"type":"LineString","coordinates":[[-6.23674,53.35809],[-6.23644,53.35824]]}},{"type":"Feature","properties":{"osm_way_id":431768813,"lines":["Kildare"]},"geometry":{"type":"LineString","coordinates":[[-6.67466,53.24487],[-6.66204,53.24749]]}},{"type":"Feature","properties":{"osm_way_id":43375141,"lines":["Kildare"]},"geometry":{"type":"LineString","coordinates":[[-6.30978,53.34317],[-6.31164,53.34299]]}},{"type":"Feature","properties":{"osm_way_id":43375144,"lines":["Kildare"]},"geometry":{"type":"LineString","coordinates":[[-6.30667,53.34384],[-6.30759,53.34354]]}},{"type":"Feature","properties":{"osm_way_id":43375147,"lines":["Kildare"]},"geometry":{"type":"LineString","coordinates":[[-6.30829,53.34341],[-6.3077,53.34356]]}},{"type":"Feature","properties":{"osm_way_id":43375149,"lines":["Kildare"]},"geometry":{"type":"LineString","coordinates":[[-6.30793,53.34345],[-6.30816,53.3434]]}},{"type":"Feature","properties":{"osm_way_id":433855399,"lines":["DART"]},"geometry":{"type":"LineString","coordinates":[[-6.23944,53.34029],[-6.24109,53.3411]]}},{"type":"Feature","properties":{"osm_way_id":436336366,"lines":["DART"]},"geometry":{"type":"LineString","coordinates":[[-6.24109,53.3411],[-6.24138,53.34122]]}},{"type":"Feature","properties":{"osm_way_id":437384828,"lines":["DART"]},"geometry":{"type":"LineString","coordinates":[[-6.1071,53.26594],[-6.10728,53.26579]]}},{"type":"Feature","properties":{"osm_way_id":437384829,"lines":["DART"]},"geometry":{"type":"LineString","coordinates":[[-6.10728,53.26579],[-6.10863,53.26393]]}},{"type":"Feature","properties":{"osm_way_id":437384830,"lines":["DART"]},"geometry":{"type":"LineString","coordinates":[[-6.10715,53.26596],[-6.10561,53.26681],[-6.09943,53.26902]]}},{"type":"Feature","properties":{"osm_way_id":437384831,"lines":["DART"]},"geometry":{"type":"LineString","coordinates":[[-6.10732,53.26581],[-6.10715,53.26596]]}},{"type":"Feature","properties":{"osm_way_id":4385845,"lines":["Kildare","Maynooth"]},"geometry":{"type":"LineString","coordinates":[[-6.241,53.35879],[-6.24081,53.35841]]}},{"type":"Feature","properties":{"osm_way_id":4385847,"lines":["DART","Northern"]},"geometry":{"type":"LineString","coordinates":[[-6.23999,53.35641],[-6.23674,53.35809]]}},{"type":"Feature","properties":{"osm_way_id":439418711,"lines":["Kildare"]},"geometry":{"type":"LineString","coordinates":[[-6.36368,53.33525],[-6.3619,53.33538]]}},{"type":"Feature","properties":{"osm_way_id":4403886,"lines":["Maynooth"]},"geometry":{"type":"LineString","coordinates":[[-6.36378,53.38237],[-6.36295,53.38242]]}},{"type":"Feature","properties":{"osm_way_id":4403897,"lines":["Maynooth"]},"geometry":{"type":"LineString","coordinates":[[-6.36228,53.38243],[-6.35896,53.38216]]}},{"type":"Feature","properties":{"osm_way_id":4403911,"lines":["Maynooth"]},"geometry":{"type":"LineString","coordinates":[[-6.49536,53.3753],[-6.48527,53.37416]]}},{"type":"Feature","properties":{"osm_way_id":4403938,"lines":["Maynooth"]},"geometry":{"type":"LineString","coordinates":[[-6.43219,53.38468],[-6.43014,53.38438]]}},{"type":"Feature","properties":{"osm_way_id":441478969,"lines":["Kildare"]},"geometry":{"type":"LineString","coordinates":[[-6.27786,53.36732],[-6.27582,53.36601]]}},{"type":"Feature","properties":{"osm_way_id":441478970,"lines":["Kildare"]},"geometry":{"type":"LineString","coordinates":[[-6.27582,53.36601],[-6.27484,53.36563]]}},{"type":"Feature","properties":{"osm_way_id":442421427,"lines":["DART"]},"geometry":{"type":"LineString","coordinates":[[-6.2367,53.35806],[-6.23998,53.35636]]}},{"type":"Feature","properties":{"osm_way_id":44708447,"lines":["DART"]},"geometry":{"type":"LineString","coordinates":[[-6.09733,53.19936],[-6.09738,53.19945]]}},{"type":"Feature","properties":{"osm_way_id":44708451,"lines":["DART","Northern"]},"geometry":{"type":"LineString","coordinates":[[-6.22525,53.36404],[-6.22001,53.36674]]}},{"type":"Feature","properties":{"osm_way_id":44708452,"lines":["DART","Northern"]},"geometry":{"type":"LineString","coordinates":[[-6.22573,53.36378],[-6.22554,53.36389]]}},{"type":"Feature","properties":{"osm_way_id":44708453,"lines":["DART","Northern"]},"geometry":{"type":"LineString","coordinates":[[-6.17881,53.38117],[-6.17846,53.38123]]}},{"type":"Feature","properties":{"osm_way_id":44708454,"lines":["DART","Northern"]},"geometry":{"type":"LineString","coordinates":[[-6.17881,53.38117],[-6.17893,53.38115]]}},{"type":"Feature","properties":{"osm_way_id":44708757,"lines":["Northern"]},"geometry":{"type":"LineString","coordinates":[[-6.15363,53.4284],[-6.15412,53.43066]]}},{"type":"Feature","properties":{"osm_way_id":44708759,"lines":["Northern"]},"geometry":{"type":"LineString","coordinates":[[-6.1536,53.42823],[-6.15363,53.4284]]}},{"type":"Feature","properties":{"osm_way_id":44708765,"lines":["Northern"]},"geometry":{"type":"LineString","coordinates":[[-6.15641,53.45217],[-6.15639,53.45226]]}},{"type":"Feature","properties":{"osm_way_id":44708766,"lines":["Northern"]},"geometry":{"type":"LineString","coordinates":[[-6.15662,53.45069],[-6.15641,53.45217]]}},{"type":"Feature","properties":{"osm_way_id":44814269,"lines":["Northern"]},"geometry":{"type":"LineString","coordinates":[[-6.15687,53.39068],[-6.15565,53.39158]]}},{"type":"Feature","properties":{"osm_way_id":44814981,"lines":["Northern"]},"geometry":{"type":"LineString","coordinates":[[-6.15415,53.43081],[-6.15479,53.43383]]}},{"type":"Feature","properties":{"osm_way_id":44814983,"lines":["Northern"]},"geometry":{"type":"LineString","coordinates":[[-6.15412,53.43066],[-6.15415,53.43081]]}},{"type":"Feature","properties":{"osm_way_id":44814984,"lines":["Northern"]},"geometry":{"type":"LineString","coordinates":[[-6.15291,53.42497],[-6.1536,53.42823]]}},{"type":"Feature","properties":{"osm_way_id":44814985,"lines":["Northern"]},"geometry":{"type":"LineString","coordinates":[[-6.15288,53.42483],[-6.15291,53.42497]]}},{"type":"Feature","properties":{"osm_way_id":44816217,"lines":["Northern"]},"geometry":{"type":"LineString","coordinates":[[-6.15559,53.45771],[-6.15535,53.45937]]}},{"type":"Feature","properties":{"osm_way_id":44816225,"lines":["Northern"]},"geometry":{"type":"LineString","coordinates":[[-6.13058,53.53365],[-6.11612,53.54812],[-6.11356,53.55103],[-6.11263,53.55303],[-6.11238,53.55498],[-6.11359,53.56154]]}},{"type":"Feature","properties":{"osm_way_id":44845621,"lines":["Northern"]},"geometry":{"type":"LineString","coordinates":[[-6.27047,53.69787],[-6.27593,53.6996],[-6.30894,53.70844],[-6.3134,53.70945]]}},{"type":"Feature","properties":{"osm_way_id":44845627,"lines":["Northern"]},"geometry":{"type":"LineString","coordinates":[[-6.18115,53.61105],[-6.18346,53.61273],[-6.18535,53.61454]]}},{"type":"Feature","properties":{"osm_way_id":44845628,"lines":["Northern"]},"geometry":{"type":"LineString","coordinates":[[-6.17982,53.61024],[-6.18115,53.61105]]}},{"type":"Feature","properties":{"osm_way_id":44845636,"lines":["Northern"]},"geometry":{"type":"LineString","coordinates":[[-6.21352,53.63385],[-6.21658,53.6371],[-6.22098,53.64425]]}},{"type":"Feature","properties":{"osm_way_id":44845639,"lines":["Northern"]},"geometry":{"type":"LineString","coordinates":[[-6.24197,53.67851],[-6.24467,53.6813],[-6.25962,53.6924],[-6.26377,53.69488],[-6.27025,53.69778]]}},{"type":"Feature","properties":{"osm_way_id":44845640,"lines":["Northern"]},"geometry":{"type":"LineString","coordinates":[[-6.24096,53.67693],[-6.24137,53.67762]]}},{"type":"Feature","properties":{"osm_way_id":44845641,"lines":["Northern"]},"geometry":{"type":"LineString","coordinates":[[-6.24137,53.67762],[-6.24188,53.67838]]}},{"type":"Feature","properties":{"osm_way_id":44845642,"lines":["Northern"]},"geometry":{"type":"LineString","coordinates":[[-6.24188,53.67838],[-6.24197,53.67851]]}},{"type":"Feature","properties":{"osm_way_id":44845643,"lines":["Northern"]},"geometry":{"type":"LineString","coordinates":[[-6.27025,53.69778],[-6.27047,53.69787]]}},{"type":"Feature","properties":{"osm_way_id":44845644,"lines":["Northern"]},"geometry":{"type":"LineString","coordinates":[[-6.19053,53.6198],[-6.19338,53.62239],[-6.1968,53.62472],[-6.20862,53.63058],[-6.21174,53.63244]]}},{"type":"Feature","properties":{"osm_way_id":44845646,"lines":["Northern"]},"geometry":{"type":"LineString","coordinates":[[-6.2131,53.6335],[-6.21352,53.63385]]}},{"type":"Feature","properties":{"osm_way_id":44845650,"lines":["Northern"]},"geometry":{"type":"LineString","coordinates":[[-6.19043,53.6197],[-6.19053,53.6198]]}},{"type":"Feature","properties":{"osm_way_id":44864447,"lines":["Northern"]},"geometry":{"type":"LineString","coordinates":[[-6.33755,53.71833],[-6.33755,53.71839]]}},{"type":"Feature","properties":{"osm_way_id":44864448,"lines":["Northern"]},"geometry":{"type":"LineString","coordinates":[[-6.33762,53.71985],[-6.33763,53.72]]}},{"type":"Feature","properties":{"osm_way_id":44864449,"lines":["Northern"]},"geometry":{"type":"LineString","coordinates":[[-6.33768,53.72147],[-6.3377,53.72262]]}},{"type":"Feature","properties":{"osm_way_id":44864450,"lines":["Northern"]},"geometry":{"type":"LineString","coordinates":[[-6.33763,53.72],[-6.33768,53.72147]]}},{"type":"Feature","properties":{"osm_way_id":4541122,"lines":["Kildare","Maynooth"]},"geometry":{"type":"LineString","coordinates":[[-6.26067,53.36364],[-6.2604,53.36357]]}},{"type":"Feature","properties":{"osm_way_id":4541123,"lines":["Kildare","Maynooth"]},"geometry":{"type":"LineString","coordinates":[[-6.2604,53.36357],[-6.25993,53.36344]]}},{"type":"Feature","properties":{"osm_way_id":4541124,"lines":["Kildare","Maynooth"]},"geometry":{"type":"LineString","coordinates":[[-6.25993,53.36344],[-6.25977,53.36339]]}},{"type":"Feature","properties":{"osm_way_id":4541125,"lines":["Kildare","Maynooth"]},"geometry":{"type":"LineString","coordinates":[[-6.25977,53.36339],[-6.25853,53.36304]]}},{"type":"Feature","properties":{"osm_way_id":4541126,"lines":["Kildare","Maynooth"]},"geometry":{"type":"LineString","coordinates":[[-6.25853,53.36304],[-6.25809,53.36291]]}},{"type":"Feature","properties":{"osm_way_id":4541378,"lines":["Kildare","Maynooth"]},"geometry":{"type":"LineString","coordinates":[[-6.25809,53.36291],[-6.25692,53.36259]]}},{"type":"Feature","properties":{"osm_way_id":4541379,"lines":["Kildare","Maynooth"]},"geometry":{"type":"LineString","coordinates":[[-6.25692,53.36259],[-6.25671,53.36254]]}},{"type":"Feature","properties":{"osm_way_id":4541380,"lines":["Kildare","Maynooth"]},"geometry":{"type":"LineString","coordinates":[[-6.25671,53.36254],[-6.2543,53.36205]]}},{"type":"Feature","properties":{"osm_way_id":4541381,"lines":["Kildare","Maynooth"]},"geometry":{"type":"LineString","coordinates":[[-6.2543,53.36205],[-6.25409,53.36203]]}},{"type":"Feature","properties":{"osm_way_id":4541382,"lines":["Kildare","Maynooth"]},"geometry":{"type":"LineString","coordinates":[[-6.25409,53.36203],[-6.25284,53.36192]]}},{"type":"Feature","properties":{"osm_way_id":4541383,"lines":["Kildare","Maynooth"]},"geometry":{"type":"LineString","coordinates":[[-6.25284,53.36192],[-6.25238,53.36188]]}},{"type":"Feature","properties":{"osm_way_id":48358692,"lines":["Maynooth"]},"geometry":{"type":"LineString","coordinates":[[-6.50522,53.37132],[-6.50316,53.37392]]}},{"type":"Feature","properties":{"osm_way_id":48499742,"lines":["Kildare","Maynooth"]},"geometry":{"type":"LineString","coordinates":[[-6.24896,53.36157],[-6.24878,53.36155]]}},{"type":"Feature","properties":{"osm_way_id":48499743,"lines":["Kildare","Maynooth"]},"geometry":{"type":"LineString","coordinates":[[-6.24812,53.36149],[-6.24796,53.36147]]}},{"type":"Feature","properties":{"osm_way_id":48499937,"lines":["DART","Kildare","Maynooth"]},"geometry":{"type":"LineString","coordinates":[[-6.24204,53.35546],[-6.24288,53.35502]]}},{"type":"Feature","properties":{"osm_way_id":48499942,"lines":["Kildare","Maynooth"]},"geometry":{"type":"LineString","coordinates":[[-6.24069,53.35711],[-6.2408,53.35671]]}},{"type":"Feature","properties":{"osm_way_id":48499943,"lines":["Kildare","Maynooth"]},"geometry":{"type":"LineString","coordinates":[[-6.24066,53.35723],[-6.24069,53.35711]]}},{"type":"Feature","properties":{"osm_way_id":4881780,"lines":["Kildare"]},"geometry":{"type":"LineString","coordinates":[[-6.65139,53.25145],[-6.65098,53.25168]]}},{"type":"Feature","properties":{"osm_way_id":4881781,"lines":["Kildare"]},"geometry":{"type":"LineString","coordinates":[[-6.35798,53.33557],[-6.39158,53.33298],[-6.39442,53.3329],[-6.47843,53.33638],[-6.48622,53.33616],[-6.48954,53.33583],[-6.4954,53.33487],[-6.50064,53.33357],[-6.50575,53.33185],[-6.50978,53.3301],[-6.51322,53.32832],[-6.51867,53.32529],[-6.52594,53.32086]]}},{"type":"Feature","properties":{"osm_way_id":4881784,"lines":["Kildare"]},"geometry":{"type":"LineString","coordinates":[[-6.72585,53.23431],[-6.69076,53.24155]]}},{"type":"Feature","properties":{"osm_way_id":4881785,"lines":["Kildare"]},"geometry":{"type":"LineString","coordinates":[[-6.69076,53.24155],[-6.68995,53.24171]]}},{"type":"Feature","properties":{"osm_way_id":48903768,"lines":["DART"]},"geometry":{"type":"LineString","coordinates":[[-6.23898,53.34008],[-6.23944,53.34029]]}},{"type":"Feature","properties":{"osm_way_id":4934360,"lines":["Maynooth"]},"geometry":{"type":"LineString","coordinates":[[-6.29123,53.37125],[-6.29041,53.37126]]}},{"type":"Feature","properties":{"osm_way_id":4934496,"lines":["DART"]},"geometry":{"type":"LineString","coordinates":[[-6.2339,53.33763],[-6.23378,53.33755]]}},{"type":"Feature","properties":{"osm_way_id":4934497,"lines":["DART"]},"geometry":{"type":"LineString","coordinates":[[-6.23378,53.33755],[-6.23336,53.33729]]}},{"type":"Feature","properties":{"osm_way_id":4934498,"lines":["DART"]},"geometry":{"type":"LineString","coordinates":[[-6.23322,53.33715],[-6.23341,53.33728]]}},{"type":"Feature","properties":{"osm_way_id":4934554,"lines":["DART","Kildare","Maynooth"]},"geometry":{"type":"LineString","coordinates":[[-6.24939,53.34357],[-6.24847,53.34336]]}},{"type":"Feature","properties":{"osm_way_id":4934555,"lines":["DART","Kildare"]},"geometry":{"type":"LineString","coordinates":[[-6.24645,53.3429],[-6.24618,53.34284]]}},{"type":"Feature","properties":{"osm_way_id":4934556,"lines":["DART","Kildare"]},"geometry":{"type":"LineString","coordinates":[[-6.24618,53.34284],[-6.24497,53.34251]]}},{"type":"Feature","properties":{"osm_way_id":4934557,"lines":["DART","Kildare"]},"geometry":{"type":"LineString","coordinates":[[-6.24497,53.34251],[-6.24472,53.34243]]}},{"type":"Feature","properties":{"osm_way_id":4934558,"lines":["DART","Kildare"]},"geometry":{"type":"LineString","coordinates":[[-6.24472,53.34243],[-6.24408,53.34222]]}},{"type":"Feature","properties":{"osm_way_id":4934559,"lines":["DART","Kildare"]},"geometry":{"type":"LineString","coordinates":[[-6.24408,53.34222],[-6.24396,53.34218]]}},{"type":"Feature","properties":{"osm_way_id":4934569,"lines":["DART","Kildare","Maynooth"]},"geometry":{"type":"LineString","coordinates":[[-6.24907,53.3523],[-6.25002,53.35194]]}},{"type":"Feature","properties":{"osm_way_id":4934595,"lines":["DART"]},"geometry":{"type":"LineString","coordinates":[[-6.23939,53.3404],[-6.23896,53.34021]]}},{"type":"Feature","properties":{"osm_way_id":4937065,"lines":["Kildare"]},"geometry":{"type":"LineString","coordinates":[[-6.32699,53.34122],[-6.32458,53.34168]]}},{"type":"Feature","properties":{"osm_way_id":4937314,"lines":["DART","Northern"]},"geometry":{"type":"LineString","coordinates":[[-6.23416,53.35942],[-6.22584,53.36373]]}},{"type":"Feature","properties":{"osm_way_id":4937388,"lines":["Kildare","Maynooth"]},"geometry":{"type":"LineString","coordinates":[[-6.25238,53.36188],[-6.25192,53.36184]]}},{"type":"Feature","properties":{"osm_way_id":4937389,"lines":["Kildare","Maynooth"]},"geometry":{"type":"LineString","coordinates":[[-6.2437,53.36078],[-6.24334,53.36063]]}},{"type":"Feature","properties":{"osm_way_id":4937395,"lines":["Kildare","Maynooth"]},"geometry":{"type":"LineString","coordinates":[[-6.24111,53.35897],[-6.241,53.35879]]}},{"type":"Feature","properties":{"osm_way_id":494791590,"lines":["DART"]},"geometry":{"type":"LineString","coordinates":[[-6.0997,53.20303],[-6.09962,53.20287]]}},{"type":"Feature","properties":{"osm_way_id":50127571,"lines":["DART"]},"geometry":{"type":"LineString","coordinates":[[-6.24644,53.34287],[-6.24665,53.34292]]}},{"type":"Feature","properties":{"osm_way_id":52036727,"lines":["Northern"]},"geometry":{"type":"LineString","coordinates":[[-6.13584,53.58117],[-6.14307,53.58323],[-6.14791,53.585]]}},{"type":"Feature","properties":{"osm_way_id":52036728,"lines":["Northern"]},"geometry":{"type":"LineString","coordinates":[[-6.13567,53.58112],[-6.13584,53.58117]]}},{"type":"Feature","properties":{"osm_way_id":52160457,"lines":["DART"]},"geometry":{"type":"LineString","coordinates":[[-6.11351,53.2516],[-6.113,53.2563]]}},{"type":"Feature","properties":{"osm_way_id":52160458,"lines":["DART"]},"geometry":{"type":"LineString","coordinates":[[-6.11351,53.25153],[-6.11351,53.2516]]}},{"type":"Feature","properties":{"osm_way_id":524153939,"lines":["Kildare"]},"geometry":{"type":"LineString","coordinates":[[-6.67872,53.24405],[-6.67837,53.24412]]}},{"type":"Feature","properties":{"osm_way_id":524153940,"lines":["Kildare"]},"geometry":{"type":"LineString","coordinates":[[-6.67761,53.24424],[-6.67834,53.24409]]}},{"type":"Feature","properties":{"osm_way_id":524153941,"lines":["Kildare"]},"geometry":{"type":"LineString","coordinates":[[-6.67837,53.24412],[-6.67763,53.24427]]}},{"type":"Feature","properties":{"osm_way_id":524153942,"lines":["Kildare"]},"geometry":{"type":"LineString","coordinates":[[-6.67834,53.24409],[-6.6787,53.24401]]}},{"type":"Feature","properties":{"osm_way_id":54512449,"lines":["DART"]},"geometry":{"type":"LineString","coordinates":[[-6.09649,53.27182],[-6.09688,53.27267],[-6.09786,53.2736],[-6.09942,53.2745],[-6.10105,53.27509]]}},{"type":"Feature","properties":{"osm_way_id":54512450,"lines":["DART"]},"geometry":{"type":"LineString","coordinates":[[-6.09682,53.27057],[-6.09645,53.27117],[-6.09649,53.27182]]}},{"type":"Feature","properties":{"osm_way_id":547428045,"lines":["DART"]},"geometry":{"type":"LineString","coordinates":[[-6.12691,53.39169],[-6.11727,53.39203]]}},{"type":"Feature","properties":{"osm_way_id":547994116,"lines":["DART","Northern"]},"geometry":{"type":"LineString","coordinates":[[-6.16707,53.38423],[-6.1659,53.38476]]}},{"type":"Feature","properties":{"osm_way_id":548747716,"lines":["DART"]},"geometry":{"type":"LineString","coordinates":[[-6.08667,53.39089],[-6.08655,53.39088]]}},{"type":"Feature","properties":{"osm_way_id":548747721,"lines":["DART"]},"geometry":{"type":"LineString","coordinates":[[-6.08655,53.39088],[-6.08443,53.39069]]}},{"type":"Feature","properties":{"osm_way_id":548954799,"lines":["Maynooth"]},"geometry":{"type":"LineString","coordinates":[[-6.39491,53.37754],[-6.39227,53.37756]]}},{"type":"Feature","properties":{"osm_way_id":548954802,"lines":["Maynooth"]},"geometry":{"type":"LineString","coordinates":[[-6.3741,53.38125],[-6.3734,53.38133]]}},{"type":"Feature","properties":{"osm_way_id":56417518,"lines":["DART"]},"geometry":{"type":"LineString","coordinates":[[-6.12783,53.29054],[-6.12879,53.29144]]}},{"type":"Feature","properties":{"osm_way_id":5825852,"lines":["Maynooth"]},"geometry":{"type":"LineString","coordinates":[[-6.29041,53.37126],[-6.28883,53.37113],[-6.28749,53.37082]]}},{"type":"Feature","properties":{"osm_way_id":586309596,"lines":["Northern"]},"geometry":{"type":"LineString","coordinates":[[-6.15098,53.489],[-6.14931,53.50028]]}},{"type":"Feature","properties":{"osm_way_id":586309600,"lines":["Northern"]},"geometry":{"type":"LineString","coordinates":[[-6.15099,53.48895],[-6.15098,53.489]]}},{"type":"Feature","properties":{"osm_way_id":6281905,"lines":["DART"]},"geometry":{"type":"LineString","coordinates":[[-6.13465,53.29489],[-6.13636,53.29559],[-6.13845,53.2961],[-6.14052,53.2963],[-6.14264,53.29623]]}},{"type":"Feature","properties":{"osm_way_id":636601087,"lines":["DART"]},"geometry":{"type":"LineString","coordinates":[[-6.17134,53.30075],[-6.17805,53.3026]]}},{"type":"Feature","properties":{"osm_way_id":636601089,"lines":["DART"]},"geometry":{"type":"LineString","coordinates":[[-6.20493,53.31635],[-6.2123,53.3213],[-6.22087,53.32776]]}},{"type":"Feature","properties":{"osm_way_id":636780438,"lines":["DART"]},"geometry":{"type":"LineString","coordinates":[[-6.22087,53.32776],[-6.22781,53.33307]]}},{"type":"Feature","properties":{"osm_way_id":636864252,"lines":["DART","Northern"]},"geometry":{"type":"LineString","coordinates":[[-6.22554,53.36389],[-6.22525,53.36404]]}},{"type":"Feature","properties":{"osm_way_id":638750204,"lines":["DART","Northern"]},"geometry":{"type":"LineString","coordinates":[[-6.23514,53.35892],[-6.23416,53.35942]]}},{"type":"Feature","properties":{"osm_way_id":672655165,"lines":["Maynooth"]},"geometry":{"type":"LineString","coordinates":[[-6.42279,53.38286],[-6.4207,53.3823]]}},{"type":"Feature","properties":{"osm_way_id":708947262,"lines":["DART"]},"geometry":{"type":"LineString","coordinates":[[-6.12707,53.28822],[-6.12699,53.28841]]}},{"type":"Feature","properties":{"osm_way_id":708947263,"lines":["DART"]},"geometry":{"type":"LineString","coordinates":[[-6.12702,53.28821],[-6.12756,53.28708],[-6.12765,53.28541]]}},{"type":"Feature","properties":{"osm_way_id":708947264,"lines":["DART"]},"geometry":{"type":"LineString","coordinates":[[-6.12694,53.28839],[-6.12702,53.28821]]}},{"type":"Feature","properties":{"osm_way_id":708947265,"lines":["DART"]},"geometry":{"type":"LineString","coordinates":[[-6.12699,53.28841],[-6.12701,53.28953],[-6.12783,53.29054]]}},{"type":"Feature","properties":{"osm_way_id":731995470,"lines":["Kildare"]},"geometry":{"type":"LineString","coordinates":[[-6.32719,53.34118],[-6.32699,53.34122]]}},{"type":"Feature","properties":{"osm_way_id":731999400,"lines":["Kildare"]},"geometry":{"type":"LineString","coordinates":[[-6.3297,53.34066],[-6.32985,53.34063]]}},{"type":"Feature","properties":{"osm_way_id":731999402,"lines":["Kildare"]},"geometry":{"type":"LineString","coordinates":[[-6.3056,53.34434],[-6.30641,53.34396]]}},{"type":"Feature","properties":{"osm_way_id":74358780,"lines":["Maynooth"]},"geometry":{"type":"LineString","coordinates":[[-6.50316,53.37392],[-6.50207,53.37464],[-6.50051,53.37523],[-6.49894,53.37549],[-6.49723,53.3755]]}},{"type":"Feature","properties":{"osm_way_id":768687223,"lines":["Kildare"]},"geometry":{"type":"LineString","coordinates":[[-6.30759,53.34354],[-6.30793,53.34345]]}},{"type":"Feature","properties":{"osm_way_id":77007533,"lines":["Maynooth"]},"geometry":{"type":"LineString","coordinates":[[-6.42909,53.38418],[-6.42722,53.38381]]}},{"type":"Feature","properties":{"osm_way_id":77007537,"lines":["Maynooth"]},"geometry":{"type":"LineString","coordinates":[[-6.48144,53.37385],[-6.47157,53.373],[-6.46814,53.37233],[-6.46448,53.37135]]}},{"type":"Feature","properties":{"osm_way_id":77007539,"lines":["Maynooth"]},"geometry":{"type":"LineString","coordinates":[[-6.50691,53.36992],[-6.50522,53.37132]]}},{"type":"Feature","properties":{"osm_way_id":77007649,"lines":["Maynooth"]},"geometry":{"type":"LineString","coordinates":[[-6.33242,53.3754],[-6.32034,53.37544],[-6.31537,53.37531],[-6.30633,53.37417],[-6.30083,53.37304]]}},{"type":"Feature","properties":{"osm_way_id":77007650,"lines":["Maynooth"]},"geometry":{"type":"LineString","coordinates":[[-6.3734,53.38133],[-6.37021,53.38168]]}},{"type":"Feature","properties":{"osm_way_id":77007651,"lines":["Maynooth"]},"geometry":{"type":"LineString","coordinates":[[-6.29833,53.37255],[-6.29491,53.37181]]}},{"type":"Feature","properties":{"osm_way_id":77007653,"lines":["Maynooth"]},"geometry":{"type":"LineString","coordinates":[[-6.40555,53.37946],[-6.39778,53.37781]]}},{"type":"Feature","properties":{"osm_way_id":77007656,"lines":["Maynooth"]},"geometry":{"type":"LineString","coordinates":[[-6.34525,53.37749],[-6.34269,53.37635],[-6.33988,53.37556],[-6.33698,53.3752],[-6.33361,53.37533]]}},{"type":"Feature","properties":{"osm_way_id":77008471,"lines":["DART","Kildare","Maynooth"]},"geometry":{"type":"LineString","coordinates":[[-6.25405,53.34682],[-6.25393,53.34669]]}},{"type":"Feature","properties":{"osm_way_id":77008473,"lines":["DART","Kildare"]},"geometry":{"type":"LineString","coordinates":[[-6.24827,53.34332],[-6.24662,53.34294]]}},{"type":"Feature","properties":{"osm_way_id":7991601,"lines":["DART"]},"geometry":{"type":"LineString","coordinates":[[-6.1114,53.27768],[-6.12552,53.28205],[-6.12654,53.28268],[-6.12738,53.28363],[-6.1277,53.28541]]}},{"type":"Feature","properties":{"osm_way_id":7991728,"lines":["DART"]},"geometry":{"type":"LineString","coordinates":[[-6.07849,53.19002],[-6.07832,53.18977]]}},{"type":"Feature","properties":{"osm_way_id":801956768,"lines":["DART"]},"geometry":{"type":"LineString","coordinates":[[-6.14898,53.40688],[-6.14896,53.40678]]}},{"type":"Feature","properties":{"osm_way_id":801956769,"lines":["DART"]},"geometry":{"type":"LineString","coordinates":[[-6.14896,53.40678],[-6.14877,53.40574]]}},{"type":"Feature","properties":{"osm_way_id":8027126,"lines":["DART"]},"geometry":{"type":"LineString","coordinates":[[-6.13086,53.29299],[-6.13402,53.29459]]}},{"type":"Feature","properties":{"osm_way_id":819152043,"lines":["Northern"]},"geometry":{"type":"LineString","coordinates":[[-6.22103,53.64433],[-6.23045,53.65976]]}},{"type":"Feature","properties":{"osm_way_id":819152044,"lines":["Northern"]},"geometry":{"type":"LineString","coordinates":[[-6.22098,53.64425],[-6.22103,53.64433]]}},{"type":"Feature","properties":{"osm_way_id":8232229,"lines":["Maynooth"]},"geometry":{"type":"LineString","coordinates":[[-6.58327,53.37934],[-6.57899,53.37996],[-6.57566,53.38001],[-6.55139,53.37734]]}},{"type":"Feature","properties":{"osm_way_id":834188661,"lines":["Kildare"]},"geometry":{"type":"LineString","coordinates":[[-6.33666,53.33929],[-6.33527,53.33957]]}},{"type":"Feature","properties":{"osm_way_id":86498655,"lines":["DART"]},"geometry":{"type":"LineString","coordinates":[[-6.09916,53.20205],[-6.09908,53.20193]]}},{"type":"Feature","properties":{"osm_way_id":86498698,"lines":["DART"]},"geometry":{"type":"LineString","coordinates":[[-6.09793,53.2003],[-6.09904,53.20194]]}},{"type":"Feature","properties":{"osm_way_id":86498718,"lines":["DART"]},"geometry":{"type":"LineString","coordinates":[[-6.09785,53.20018],[-6.09793,53.2003]]}},{"type":"Feature","properties":{"osm_way_id":86498733,"lines":["DART"]},"geometry":{"type":"LineString","coordinates":[[-6.09963,53.20287],[-6.09974,53.20302]]}},{"type":"Feature","properties":{"osm_way_id":86498742,"lines":["DART"]},"geometry":{"type":"LineString","coordinates":[[-6.09974,53.20302],[-6.10115,53.20528]]}},{"type":"Feature","properties":{"osm_way_id":86500223,"lines":["DART"]},"geometry":{"type":"LineString","coordinates":[[-6.0783,53.16406],[-6.07631,53.1579],[-6.07569,53.15677]]}},{"type":"Feature","properties":{"osm_way_id":86500224,"lines":["DART"]},"geometry":{"type":"LineString","coordinates":[[-6.07863,53.16505],[-6.0783,53.16406]]}},{"type":"Feature","properties":{"osm_way_id":86500225,"lines":["DART"]},"geometry":{"type":"LineString","coordinates":[[-6.07569,53.15677],[-6.0739,53.15501],[-6.07016,53.15269],[-6.06916,53.15176],[-6.06812,53.15034]]}},{"type":"Feature","properties":{"osm_way_id":87254859,"lines":["Kildare"]},"geometry":{"type":"LineString","coordinates":[[-6.6535,53.25034],[-6.65139,53.25145]]}},{"type":"Feature","properties":{"osm_way_id":888462459,"lines":["Kildare"]},"geometry":{"type":"LineString","coordinates":[[-6.91218,53.16222],[-6.91405,53.16192]]}},{"type":"Feature","properties":{"osm_way_id":888462460,"lines":["Kildare"]},"geometry":{"type":"LineString","coordinates":[[-6.91207,53.16224],[-6.91218,53.16222]]}},{"type":"Feature","properties":{"osm_way_id":99721299,"lines":["Kildare"]},"geometry":{"type":"LineString","coordinates":[[-6.67763,53.24427],[-6.67746,53.24431]]}},{"type":"Feature","properties":{"osm_way_id":99721302,"lines":["Kildare"]},"geometry":{"type":"LineString","coordinates":[[-6.67746,53.24431],[-6.6751,53.24479]]}},{"type":"Feature","properties":{"osm_way_id":99721303,"lines":["Kildare"]},"geometry":{"type":"LineString","coordinates":[[-6.6751,53.24479],[-6.67466,53.24487]]}},{"type":"Feature","properties":{"osm_way_id":99721307,"lines":["Kildare"]},"geometry":{"type":"LineString","coordinates":[[-6.68995,53.24171],[-6.67872,53.24405]]}}]}
